sentence_index,intent,sentence,intent_index,intent_group,intent_group_index,sub_i
152.0,Input data,Input data,14.0,Beginner’s tutorial,3.0,1.0
153.0,Input data,"  takes as input a multiple sequence alignment and will reconstruct an evolutionary tree that is best explained by the input data. If you have raw (unaligned) sequences, you need to first run an alignment program like MAFFT or ClustalW to align the sequences, before feeding them into  .",14.0,Beginner’s tutorial,3.0,2.0
154.0,Input data,The input alignment can be in various common formats. For example the PHYLIP format which may look like,14.0,Beginner’s tutorial,3.0,3.0
155.0,Input data,7 28Frog       AAATTTGGTCCTGTGATTCAGCAGTGATTurtle     CTTCCACACCCCAGGACTCAGCAGTGATBird       CTACCACACCCCAGGACTCAGCAGTAATHuman      CTACCACACCCCAGGAAACAGCAGTGATCow        CTACCACACCCCAGGAAACAGCAGTGACWhale      CTACCACGCCCCAGGACACAGCAGTGATMouse      CTACCACACCCCAGGACTCAGCAGTGAT,14.0,Beginner’s tutorial,3.0,4.0
156.0,Input data,"This tiny alignment contains 7 DNA sequences from several animals with the sequence length of 28 nucleotides.   also supports other file formats such as FASTA, NEXUS, CLUSTALW. The FASTA file for the above example may look like this",14.0,Beginner’s tutorial,3.0,5.0
157.0,Input data,>Frog       AAATTTGGTCCTGTGATTCAGCAGTGAT>Turtle     CTTCCACACCCCAGGACTCAGCAGTGAT>Bird       CTACCACACCCCAGGACTCAGCAGTAAT>Human      CTACCACACCCCAGGAAACAGCAGTGAT>Cow        CTACCACACCCCAGGAAACAGCAGTGAC>Whale      CTACCACGCCCCAGGACACAGCAGTGAT>Mouse      CTACCACACCCCAGGACTCAGCAGTGAT,14.0,Beginner’s tutorial,3.0,6.0
158.0,Input data,"TIP From version 2 you can input a directory of alignment files.   2 will load and concatenate all alignments within the directory, eliminating the need for users to manually perform this step.",14.0,Beginner’s tutorial,3.0,7.0
159.0,First running example,First running example,15.0,Beginner’s tutorial,3.0,1.0
160.0,First running example,From the download there is an example alignment called example.phy in PHYLIP format. This example contains parts of the mitochondrial DNA sequences of several animals (Source Phylogenetic Handbook).,15.0,Beginner’s tutorial,3.0,2.0
161.0,First running example,You can now start to reconstruct a maximum-likelihood tree from this alignment by entering (assuming that you are now in the same folder with example.phy),15.0,Beginner’s tutorial,3.0,3.0
162.0,First running example,iqtree -s example.phy,15.0,Beginner’s tutorial,3.0,4.0
163.0,First running example,-s is the option to specify the name of the alignment file that is always required by   to work. At the end of the run   will write several output files including,15.0,Beginner’s tutorial,3.0,5.0
164.0,First running example,"example.phy.iqtree the main report file that is self-readable. You should look at this file to see the computational results. It also contains a textual representation of the final tree (see below).example.phy.treefile the ML tree in NEWICK format, which can be visualized by any supported tree viewer programs like FigTree or iTOL.example.phy.log log file of the entire run (also printed on the screen). To report bugs, please send this log file and the original alignment file to the authors.",15.0,Beginner’s tutorial,3.0,6.0
165.0,First running example,For this example data the resulting maximum-likelihood tree may look like this (extracted from .iqtree file),15.0,Beginner’s tutorial,3.0,7.0
167.0,First running example,"This makes sense as the mammals (Human to Opossum) form a clade, whereas the reptiles (Turtle to Crocodile) and Bird form a separate sister clade. Here the tree is drawn at the outgroup Lungfish which is more accient than other species in this example. However, please note that   always produces an unrooted tree as it knows nothing about this biological background;   simply draws the tree this way as LngfishAu is the first sequence occuring in the alignment.",15.0,Beginner’s tutorial,3.0,9.0
168.0,First running example,"During the example run above,   periodically wrote to disk a checkpoint file example.phy.ckp.gz (gzip-compressed to save space). This checkpoint file is used to resume an interrupted run, which is handy if you have a very large data sets or time limit on a cluster system. If the run did not finish, invoking   again with the very same command line will recover the analysis from the last stopped point, thus saving all computation time done before.",15.0,Beginner’s tutorial,3.0,10.0
169.0,First running example,"If the run successfully completed, running again will issue an error message",15.0,Beginner’s tutorial,3.0,11.0
170.0,First running example,ERROR Checkpoint (example.phy.ckp.gz) indicates that a previous run successfully finishedUse `-redo` option if you really want to redo the analysis and overwrite all output files.,15.0,Beginner’s tutorial,3.0,12.0
171.0,First running example,"This prevents lost of data if you accidentally re-run  . However, if you really want to re-run the analysis and overwrite all previous output files, use -redo option",15.0,Beginner’s tutorial,3.0,13.0
172.0,First running example,iqtree -s example.phy -redo,15.0,Beginner’s tutorial,3.0,14.0
173.0,First running example,"Finally, the default prefix of all output files is the alignment file name. You can change the prefix with",15.0,Beginner’s tutorial,3.0,15.0
174.0,First running example,iqtree -s example.phy --prefix myprefix for version 1.x change --prefix to -pre,15.0,Beginner’s tutorial,3.0,16.0
175.0,First running example,This prevents output files being overwritten when you perform multiple analyses on the same alignment within the same folder.,15.0,Beginner’s tutorial,3.0,17.0
176.0,Choosing the right substitution model,Choosing the right substitution model,16.0,Beginner’s tutorial,3.0,1.0
177.0,Choosing the right substitution model,NOTE If you use model selection please cite the following paper,16.0,Beginner’s tutorial,3.0,2.0
178.0,Choosing the right substitution model,"S. Kalyaanamoorthy, B.Q. Minh, T.K.F. Wong, A. von Haeseler, and L.S. Jermiin (2017) ModelFinder fast model selection for accurate phylogenetic estimates. Nat. Methods, 14587–589. DOI 10.1038/nmeth.4285",16.0,Beginner’s tutorial,3.0,3.0
179.0,Choosing the right substitution model,"  supports a wide range of substitution models for DNA, protein, codon, binary and morphological alignments. If you do not know which model is appropriate for your data, you can use ModelFinder to determine the best-fit model",16.0,Beginner’s tutorial,3.0,4.0
180.0,Choosing the right substitution model,iqtree -s example.phy -m MFP change -m MFP to -m TEST to resemble jModelTest/ProtTest,16.0,Beginner’s tutorial,3.0,5.0
181.0,Choosing the right substitution model,"-m is the option to specify the model name to use during the analysis. The special MFP key word stands for ModelFinder Plus, which tells   to perform ModelFinder and the remaining analysis using the selected model. ModelFinder computes the log-likelihoods of an initial parsimony tree for many different models and the Akaike information criterion (AIC), corrected Akaike information criterion (AICc), and the Bayesian information criterion (BIC). Then ModelFinder chooses the model that minimizes the BIC score (you can also change to AIC or AICc by adding the option -AIC or -AICc, respectively).",16.0,Beginner’s tutorial,3.0,6.0
182.0,Choosing the right substitution model,"TIP Starting with version 1.5.4, -m MFP is the default behavior. Thus, this run is equivalent to iqtree -s example.phy.",16.0,Beginner’s tutorial,3.0,7.0
183.0,Choosing the right substitution model,"Here,   will write an additional file",16.0,Beginner’s tutorial,3.0,8.0
184.0,Choosing the right substitution model,example.phy.model log-likelihoods for all models tested. It serves as a checkpoint file to recover an interrupted model selection.,16.0,Beginner’s tutorial,3.0,9.0
185.0,Choosing the right substitution model,"If you now look at example.phy.iqtree you will see that   selected TIM2 I G4 as the best-fit model for this example data. Thus, for additional analyses you do not have to perform the model test again and can use the selected model",16.0,Beginner’s tutorial,3.0,10.0
186.0,Choosing the right substitution model,iqtree -s example.phy -m TIM2 I G,16.0,Beginner’s tutorial,3.0,11.0
187.0,Choosing the right substitution model,"Sometimes you only want to find the best-fit model without doing tree reconstruction, then run",16.0,Beginner’s tutorial,3.0,12.0
188.0,Choosing the right substitution model,iqtree -s example.phy -m MF change -m MF to -m TESTONLY to resemble jModelTest/ProtTest,16.0,Beginner’s tutorial,3.0,13.0
189.0,Choosing the right substitution model,"By default, the maximum number of categories is limitted to 10 due to computational reasons. If your sequence alignment is long enough, then you can increase this upper limit with the cmax option",16.0,Beginner’s tutorial,3.0,14.0
190.0,Choosing the right substitution model,iqtree -s example.phy -m MF -cmax 15,16.0,Beginner’s tutorial,3.0,15.0
191.0,Choosing the right substitution model,will test  R2 to  R15 instead of at most  R10.,16.0,Beginner’s tutorial,3.0,16.0
192.0,Choosing the right substitution model,"To reduce computational burden, one can use the option -mset to restrict the testing procedure to a subset of base models instead of testing the entire set of all available models. For example, -mset WAG,LG will test only models like WAG ... or LG .... Another useful option in this respect is -msub for AA data sets. With -msub nuclear only general AA models are included, whereas with -msub viral only AA models for viruses are included.",16.0,Beginner’s tutorial,3.0,17.0
193.0,Choosing the right substitution model,"If you have enough computational resource, you can perform a thorough and more accurate analysis that invokes a full tree search for each model considered via the -mtree option",16.0,Beginner’s tutorial,3.0,18.0
194.0,Choosing the right substitution model,iqtree -s example.phy -m MF -mtree,16.0,Beginner’s tutorial,3.0,19.0
195.0,Using codon models,Using codon models,17.0,Beginner’s tutorial,3.0,1.0
196.0,Using codon models,"  supports a number of codon models. You need to input a protein-coding DNA alignment and specify codon data by option -st CODON (Otherwise,   applies DNA model because it detects that your alignment has DNA sequences)",17.0,Beginner’s tutorial,3.0,2.0
197.0,Using codon models,iqtree -s coding_gene.phy -st CODON ,17.0,Beginner’s tutorial,3.0,3.0
198.0,Using codon models,"If your alignment length is not divisible by 3,   will stop with an error message.   will group sites 1,2,3 into codon site 1; sites 4,5,6 to codon site 2; etc. Moreover, any codon, which has at least one gap/unknown/ambiguous nucleotide, will be treated as unknown codon character.",17.0,Beginner’s tutorial,3.0,4.0
199.0,Using codon models,"Note that the above command assumes the standard genetic code. If your sequences follow ‘The Invertebrate Mitochondrial Code’ (see the full list of supported genetic code here), then run",17.0,Beginner’s tutorial,3.0,5.0
200.0,Using codon models,iqtree -s coding_gene.phy -st CODON5 ,17.0,Beginner’s tutorial,3.0,6.0
201.0,"Binary, morphological and SNP data","Binary, morphological and SNP data",18.0,Beginner’s tutorial,3.0,1.0
202.0,"Binary, morphological and SNP data","Binary alignments contain sequences with characters 0 and 1, which can be in any common formats supported by  , for example, in PHYLIP format",18.0,Beginner’s tutorial,3.0,2.0
203.0,"Binary, morphological and SNP data",4 6S1   010101S2   110011S3   0--100S4   10--10,18.0,Beginner’s tutorial,3.0,3.0
204.0,"Binary, morphological and SNP data",Morphological alignments have an extended characeter alphabet of 0-9 and A-Z (for states 10-31). For example (PHYLIP format),18.0,Beginner’s tutorial,3.0,4.0
206.0,"Binary, morphological and SNP data",  will automatically determine the sequence type and the alphabet size. To run   on such alignments,18.0,Beginner’s tutorial,3.0,6.0
207.0,"Binary, morphological and SNP data",iqtree -s morphology.phy,18.0,Beginner’s tutorial,3.0,7.0
208.0,"Binary, morphological and SNP data",or,18.0,Beginner’s tutorial,3.0,8.0
209.0,"Binary, morphological and SNP data",iqtree -s morphology.phy -st MORPH,18.0,Beginner’s tutorial,3.0,9.0
210.0,"Binary, morphological and SNP data","  implements to two morphological ML models MK and ORDERED. Morphological data typically do not have constant (uninformative) sites. In such cases, you should apply ascertainment bias correction model by e.g.",18.0,Beginner’s tutorial,3.0,10.0
211.0,"Binary, morphological and SNP data",iqtree -s morphology.phy -st MORPH -m MK ASC,18.0,Beginner’s tutorial,3.0,11.0
212.0,"Binary, morphological and SNP data",You can again select the best-fit binary/morphological model,18.0,Beginner’s tutorial,3.0,12.0
213.0,"Binary, morphological and SNP data",iqtree -s morphology.phy -st MORPH,18.0,Beginner’s tutorial,3.0,13.0
214.0,"Binary, morphological and SNP data","For SNP data (DNA) that typically do not contain constant sites, you can explicitly tell the model to include ascertainment bias correction",18.0,Beginner’s tutorial,3.0,14.0
215.0,"Binary, morphological and SNP data",iqtree -s SNP_data.phy -m GTR ASC,18.0,Beginner’s tutorial,3.0,15.0
216.0,"Binary, morphological and SNP data",You can explicitly tell model testing to only include  ASC model with,18.0,Beginner’s tutorial,3.0,16.0
217.0,"Binary, morphological and SNP data",iqtree -s SNP_data.phy -m MFP ASC,18.0,Beginner’s tutorial,3.0,17.0
218.0,Assessing branch supports with ultrafast bootstrap approximation,Assessing branch supports with ultrafast bootstrap approximation,19.0,Beginner’s tutorial,3.0,1.0
219.0,Assessing branch supports with ultrafast bootstrap approximation,"To overcome the computational burden required by the nonparametric bootstrap,   introduces an ultrafast bootstrap approximation (UFBoot) (Minh et al., 2013; Hoang et al., 2018) that is orders of magnitude faster than the standard procedure and provides relatively unbiased branch support values. Citation for UFBoot",19.0,Beginner’s tutorial,3.0,2.0
220.0,Assessing branch supports with ultrafast bootstrap approximation,"D.T. Hoang, O. Chernomor, A. von Haeseler, B.Q. Minh, and L.S. Vinh (2018) UFBoot2 Improving the ultrafast bootstrap approximation. Mol. Biol. Evol., 35518–522. https//doi.org/10.1093/molbev/msx281",19.0,Beginner’s tutorial,3.0,3.0
221.0,Assessing branch supports with ultrafast bootstrap approximation,To run UFBoot,19.0,Beginner’s tutorial,3.0,4.0
222.0,Assessing branch supports with ultrafast bootstrap approximation,iqtree -s example.phy -m TIM2 I G -B 1000 for version 1.x change -B to -bb,19.0,Beginner’s tutorial,3.0,5.0
223.0,Assessing branch supports with ultrafast bootstrap approximation,"-B specifies the number of bootstrap replicates where 1000 is the minimum number recommended. The section MAXIMUM LIKELIHOOD TREE in example.phy.iqtree shows a textual representation of the maximum likelihood tree with branch support values in percentage. The NEWICK format of the tree is printed to the file example.phy.treefile. In addition,   writes the following files",19.0,Beginner’s tutorial,3.0,6.0
224.0,Assessing branch supports with ultrafast bootstrap approximation,"example.phy.contree the consensus tree with assigned branch supports where branch lengths are optimized on the original alignment.example.phy.splits.nex support values in percentage for all splits (bipartitions), computed as the occurence frequencies in the bootstrap trees. This file can be viewed with the program SplitsTree to explore the conflicting signals in the data. So it is more informative than consensus tree, e.g. you can see how highly supported the second best conflicting split is, which had no chance to enter the consensus tree.example.phy.splits (if using -wsplits option) This file contains the same information as example.phy.splits.nex but in star-dot format.",19.0,Beginner’s tutorial,3.0,7.0
225.0,Assessing branch supports with ultrafast bootstrap approximation,NOTE UFBoot support values have a different interpretation to the standard bootstrap. Refer to FAQ UFBoot support values interpretation for more information.,19.0,Beginner’s tutorial,3.0,8.0
226.0,Reducing impact of severe model violations with UFBoot,Reducing impact of severe model violations with UFBoot,20.0,Beginner’s tutorial,3.0,1.0
227.0,Reducing impact of severe model violations with UFBoot,Starting with   version 1.6 we provide a new option -bnni to reduce the risk of overestimating branch supports with UFBoot due to severe model violations. With this option UFBoot will further optimize each bootstrap tree using a hill-climbing nearest neighbor interchange (NNI) search based directly on the corresponding bootstrap alignment.,20.0,Beginner’s tutorial,3.0,2.0
228.0,Reducing impact of severe model violations with UFBoot,"Thus, if severe model violations are present in the data set at hand, users are advised to append -bnni to the regular UFBoot command",20.0,Beginner’s tutorial,3.0,3.0
229.0,Reducing impact of severe model violations with UFBoot,iqtree -s example.phy -m TIM2 I G -B 1000 -bnni for version 1.x change -B to -bb,20.0,Beginner’s tutorial,3.0,4.0
230.0,Assessing branch supports with standard nonparametric bootstrap,Assessing branch supports with standard nonparametric bootstrap,21.0,Beginner’s tutorial,3.0,1.0
231.0,Assessing branch supports with standard nonparametric bootstrap,The standard nonparametric bootstrap is invoked by the -b option,21.0,Beginner’s tutorial,3.0,2.0
232.0,Assessing branch supports with standard nonparametric bootstrap,iqtree -s example.phy -m TIM2 I G -b 100,21.0,Beginner’s tutorial,3.0,3.0
233.0,Assessing branch supports with standard nonparametric bootstrap,-b specifies the number of bootstrap replicates where 100 is the minimum recommended number. The output files are similar to those produced by the UFBoot procedure.,21.0,Beginner’s tutorial,3.0,4.0
234.0,Assessing branch supports with single branch tests,Assessing branch supports with single branch tests,22.0,Beginner’s tutorial,3.0,1.0
235.0,Assessing branch supports with single branch tests,"  provides an implementation of the SH-like approximate likelihood ratio test (Guindon et al., 2010). To perform this test, run",22.0,Beginner’s tutorial,3.0,2.0
236.0,Assessing branch supports with single branch tests,iqtree -s example.phy -m TIM2 I G -alrt 1000,22.0,Beginner’s tutorial,3.0,3.0
237.0,Assessing branch supports with single branch tests,-alrt specifies the number of bootstrap replicates for SH-aLRT where 1000 is the minimum number recommended.,22.0,Beginner’s tutorial,3.0,4.0
238.0,Assessing branch supports with single branch tests,"  also supports other tests such as the aBayes test (Anisimova et al., 2011) and the local bootstrap test (Adachi and Hasegawa, 1996b). See single branch tests for more details.",22.0,Beginner’s tutorial,3.0,5.0
239.0,Assessing branch supports with single branch tests,You can also perform both SH-aLRT and the ultrafast bootstrap within one single run,22.0,Beginner’s tutorial,3.0,6.0
240.0,Assessing branch supports with single branch tests,iqtree -s example.phy -m TIM2 I G -alrt 1000 -B 1000 for version 1.x change -B to -bb,22.0,Beginner’s tutorial,3.0,7.0
241.0,Assessing branch supports with single branch tests,"The branches of the resulting .treefile will be assigned with both SH-aLRT and UFBoot support values, which are readable by any tree viewer program like FigTree, Dendroscope or ETE. You can also look at the textual tree figure in .iqtree file",22.0,Beginner’s tutorial,3.0,8.0
243.0,Assessing branch supports with single branch tests,"From this figure, the branching patterns within reptiles are poorly supported (e.g. Sphenodon with SH-aLRT 39%, UFBoot 51% and Turtle with SH-aLRT 85%, UFBoot 72%) as well as the phylogenetic position of Seal within mammals (SH-aLRT 68.3%, UFBoot 75%). Other branches appear to be well supported.",22.0,Beginner’s tutorial,3.0,10.0
244.0,Utilizing multi-core CPUs,Utilizing multi-core CPUs,23.0,Beginner’s tutorial,3.0,1.0
245.0,Utilizing multi-core CPUs,  can utilize multiple CPU cores to speed up the analysis. A complement option -T (or -nt for version 1.x) allows specifying the number of CPU cores to use. For example,23.0,Beginner’s tutorial,3.0,2.0
246.0,Utilizing multi-core CPUs,iqtree -s example.phy -m TIM2 I G -T 2 for version 1.x change -T to -nt,23.0,Beginner’s tutorial,3.0,3.0
247.0,Utilizing multi-core CPUs,"Here,   will use 2 CPU cores to perform the analysis.",23.0,Beginner’s tutorial,3.0,4.0
248.0,Utilizing multi-core CPUs,Note that the parallel efficiency is only good for long alignments. A good practice is to use -T AUTO to determine the best number of cores,23.0,Beginner’s tutorial,3.0,5.0
249.0,Utilizing multi-core CPUs,iqtree -s example.phy -m TIM2 I G -T AUTO for version 1.x change -T to -nt,23.0,Beginner’s tutorial,3.0,6.0
250.0,Utilizing multi-core CPUs,Then while running   may print something like this on to the screen,23.0,Beginner’s tutorial,3.0,7.0
251.0,Utilizing multi-core CPUs,Measuring multi-threading efficiency up to 8 CPU coresThreads 1 / Time 8.001 sec / Speedup 1.000 / Efficiency 100% / LogL -22217Threads 2 / Time 4.346 sec / Speedup 1.841 / Efficiency 92% / LogL -22217Threads 3 / Time 3.381 sec / Speedup 2.367 / Efficiency 79% / LogL -22217Threads 4 / Time 4.385 sec / Speedup 1.825 / Efficiency 46% / LogL -22217BEST NUMBER OF THREADS 3,23.0,Beginner’s tutorial,3.0,8.0
252.0,Utilizing multi-core CPUs,"Therefore, I would only use 3 cores for this example data. For later analysis with your same data set, you can stick to the determined number.",23.0,Beginner’s tutorial,3.0,9.0
253.0,Utilizing multi-core CPUs,Depending on the compute system it might be required to set an upper limit of CPU cores that can automatically be assigned. Use the -ntmax option to do so. For instance,23.0,Beginner’s tutorial,3.0,10.0
254.0,Utilizing multi-core CPUs,iqtree -s example.phy -m TIM2 I G -T AUTO -ntmax 8 for version 1.x change -T to -nt,23.0,Beginner’s tutorial,3.0,11.0
255.0,Utilizing multi-core CPUs,"does the same as above, but only allows to use up to 8 CPU cores. By default all cores of the current machine would be used as maximum.",23.0,Beginner’s tutorial,3.0,12.0
256.0,Where to go from here?,Where to go from here?,24.0,Beginner’s tutorial,3.0,1.0
257.0,Where to go from here?,"Once confident enough you can go on with a more advanced tutorial, which covers topics like phylogenomic (multi-gene) analyses using partition models or mixture models.",24.0,Beginner’s tutorial,3.0,2.0
258.0,General options,General options,25.0,Command reference,4.0,1.0
259.0,General options,General options are mainly intended for specifying input and output files,25.0,Command reference,4.0,2.0
260.0,General options,"OptionUsage and meaning-h or -?Print help usage.-sSpecify input alignment file in PHYLIP, FASTA, NEXUS, CLUSTAL or MSF format.-stSpecify sequence type as either of DNA, AA, BIN, MORPH, CODON or NT2AA for DNA, amino-acid, binary, morphological, codon or DNA-to-AA-translated sequences. This is only necessary if   did not detect the sequence type correctly. Note that -st CODON is always necessary when using codon models (otherwise,   applies DNA models) and you also need to specify a genetic code like this if differed from the standard genetic code. -st NT2AA tells   to translate protein-coding DNA into AA sequences and then subsequent analysis will work on the AA sequences. You can also use a genetic code like -st NT2AA5 for the Invertebrate Mitochondrial Code (see genetic code table).-tSpecify a file containing starting tree for tree search. The special option -t BIONJ starts tree search from BIONJ tree and -t RANDOM starts tree search from completely random tree. DEFAULT 100 parsimony trees   BIONJ tree-teLike -t but fixing user tree. That means, no tree search is performed and   computes the log-likelihood of the fixed user tree.-oSpecify an outgroup taxon name to root the tree. The output tree in .treefile will be rooted accordingly. DEFAULT first taxon in alignment-preSpecify a prefix for all output files. DEFAULT either alignment file name (-s) or partition file name (-q, -spp or -sp)-ntSpecify the number of CPU cores for the multicore version. A special option -nt AUTO will tell   to automatically determine the best number of cores given the current data and computer.-ntmaxSpecify the maximal number of CPU cores -nt AUTO is allowed to allocate DEFAULT CPU cores on the current machine-seedSpecify a random number seed to reproduce a previous run. This is normally used for debugging purposes. DEFAULT based on current machine clock-vTurn on verbose mode for printing more messages to screen. This is normally used for debugging purposes. DEFAULT OFF-quietSilent mode, suppress printing to the screen. Note that .log file is still written.-keep-identKeep identical sequences in the alignment. Bu default   will remove them during the analysis and add them in the end.-safeTurn on safe numerical mode to avoid numerical underflow for large data sets with many sequences (typically in the order of thousands). This mode is automatically turned on when having more than 2000 sequences.-memSpecify maximal RAM usage, for example, -mem 64G to use at most 64 GB of RAM. By default,   will try to not to exceed the computer RAM size.",25.0,Command reference,4.0,3.0
261.0,General options,Example usages,25.0,Command reference,4.0,4.0
262.0,General options,"Reconstruct a maximum-likelihood tree given a sequence alignment file example.phy  iqtree -s example.phyReconstruct a maximum-likelihood tree using at most 8 GB RAM and automatically detect the number of cores to use   For version <= 1.5.X  iqtree-omp -s example.phy -nt AUTO -mem 8G       For version >= 1.6.0, change iqtree-omp to just iqtree  iqtree -s example.phy -nt AUTO -mem 8GLike above but write all output to myrun.* files   For version <= 1.5.X  iqtree-omp -s example.phy -nt AUTO -mem 8G -pre myrun   For version <= 1.6.0  iqtree -s example.phy -nt AUTO -mem 8G -pre myrun",25.0,Command reference,4.0,5.0
263.0,Checkpointing to resume stopped run,Checkpointing to resume stopped run,26.0,Command reference,4.0,1.0
264.0,Checkpointing to resume stopped run,"Starting with version 1.4.0   supports checkpointing If an   run was interrupted for some reason, rerunning it with the same command line and input data will automatically resume the analysis from the last stopped point. The previous log file will then be appended. If a run successfully finished,   will deny to rerun and issue an error message. A few options that control checkpointing behavior",26.0,Command reference,4.0,2.0
265.0,Checkpointing to resume stopped run,OptionUsage and meaning-redoRedo the entire analysis no matter if it was stopped or successful. WARNING This option will overwrite all existing output files.-cptimeSpecify the minimum checkpoint time interval in seconds (default 20s),26.0,Command reference,4.0,3.0
266.0,Checkpointing to resume stopped run,"NOTE   writes a checkpoint file with name suffix .ckp.gz in gzip format. Do not modify this file. If you delete this file, all checkpointing information will be lost",26.0,Command reference,4.0,4.0
267.0,Likelihood mapping analysis,Likelihood mapping analysis,27.0,Command reference,4.0,1.0
268.0,Likelihood mapping analysis,"Starting with version 1.4.0,   implements the likelihood mapping approach (Strimmer and von Haeseler, 1997) to assess the phylogenetic information of an input alignment. The detailed results will be printed to .iqtree report file. The likelihood mapping plots will be printed to .lmap.svg and .lmap.eps files.",27.0,Command reference,4.0,2.0
269.0,Likelihood mapping analysis,"Compared with the original implementation in TREE-PUZZLE,   is much faster and supports many more substitution models (including partition and mixture models).",27.0,Command reference,4.0,3.0
270.0,Likelihood mapping analysis,"OptionUsage and meaning-lmapSpecify the number of quartets to be randomly drawn. If you specify -lmap ALL, all unique quartets will be drawn, instead.-lmclustSpecify a NEXUS file containing taxon clusters (see below for example) for quartet mapping analysis.-n 0Skip subsequent tree search, useful when you only want to assess the phylogenetic information of the alignment.-wqlWrite quartet log-likelihoods into .lmap.quartetlh file (typically not needed).",27.0,Command reference,4.0,4.0
271.0,Likelihood mapping analysis,"TIP The number of quartets specified via -lmap is recommended to be at least 25 times the number of sequences in the alignment, such that each sequence is covered ~100 times in the set of quartets drawn.",27.0,Command reference,4.0,5.0
272.0,Likelihood mapping analysis,"An example NEXUS cluster file (where A, B, C, etc. are sequence names)",27.0,Command reference,4.0,6.0
273.0,Likelihood mapping analysis,NEXUSbegin sets;    taxset Cluster1 = A B C;    taxset Cluster2 = D E;    taxset Cluster3 = F G H I;    taxset Cluster4 = J;    taxset IGNORED = X;end;,27.0,Command reference,4.0,7.0
274.0,Likelihood mapping analysis,"Here, Cluster1 to Cluster4 are four user-defined clusters of sequences. Note that users can give any names to the clusters instead of Cluster1, etc. If a cluster is named ignored or IGNORED the sequences included will be ignored in the likelihood mapping analysis.",27.0,Command reference,4.0,8.0
275.0,Likelihood mapping analysis,"If you provide a cluster file it has to contain between 1 and 4 clusters (plus an optional IGNORED or ignored cluster), which will tell   to perform an unclustered (default without a cluster file) or a clustered analysis with 2, 3 or 4 groups, respectively.",27.0,Command reference,4.0,9.0
276.0,Likelihood mapping analysis,The names given to the clusters in the cluster file will be used to label the corners of the triangle diagrams.,27.0,Command reference,4.0,10.0
277.0,Likelihood mapping analysis,Example usages,27.0,Command reference,4.0,11.0
278.0,Likelihood mapping analysis,Perform solely likelihood mapping analysis (ignoring tree search) with 2000 quartets for an alignment example.phy with model being automatically selected  iqtree -s example.phy -lmap 2000 -n 0 -m TEST,27.0,Command reference,4.0,12.0
279.0,Likelihood mapping analysis,"You can now view the likelihood mapping plot file example.phy.lmap.svg, which looks like this",27.0,Command reference,4.0,13.0
280.0,Likelihood mapping analysis,"It shows phylogenetic information of the alignment example.phy. On the top distribution of quartets depicted by dots on the likelihood mapping plot. On the left the three areas show support for one of the different groupings like (a,b)-(c,d). On the right quartets falling into the three corners are informative. Those in three rectangles are partly informative and those in the center are uninformative. A good data set should have high number of informative quartets and low number of uninformative quartets. The meanings can also be found in the LIKELIHOOD MAPPING STATISTICS section of the report file example.phy.iqtree",27.0,Command reference,4.0,14.0
282.0,Automatic model selection,Automatic model selection,28.0,Command reference,4.0,1.0
283.0,Automatic model selection,"The default model (e.g., HKY F for DNA, LG for protein data) may not fit well to the data. Therefore,   allows to automatically determine the best-fit model via a series of -m TEST... option",28.0,Command reference,4.0,2.0
284.0,Automatic model selection,"OptionUsage and meaning-m TESTONLYPerform standard model selection like jModelTest (for DNA) and ProtTest (for protein). Moreover,   also works for codon, binary and morphogical data. If a partition file is specified,   will find the best-fit model for each partition.-m TESTLike -m TESTONLY but immediately followed by tree reconstruction using the best-fit model found. So this performs both model selection and tree inference within a single run.-m TESTNEWONLY or -m MFPerform an extended model selection that additionally includes FreeRate model compared with -m TESTONLY. Recommended as replacement for -m TESTONLY. Note that LG4X is a FreeRate model, but by default is not included because it is also a protein mixture model. To include it, use -madd option (see table below).-m TESTNEW or -m MFPLike -m MF but immediately followed by tree reconstruction using the best-fit model found.",28.0,Command reference,4.0,3.0
285.0,Automatic model selection,"TIP During model section,   will write a model checkpoint file (suffix .model in version <= 1.5.X or .model.gz in version >= 1.6.X) that stores information of all models tested so far. Thus, if   is interrupted for whatever reason, restarting the run will load this file to reuse the computation.",28.0,Command reference,4.0,4.0
286.0,Automatic model selection,  version 1.6 or later allows to additionally test Lie Markov DNA models by adding the following keyword to -m option,28.0,Command reference,4.0,5.0
287.0,Automatic model selection,OptionUsage and meaning LMAdditionally consider all Lie Markov models LMRYAdditionally consider all Lie Markov models with RY symmetry LMWSAdditionally consider all Lie Markov models with WS symmetry LMMKAdditionally consider all Lie Markov models with MK symmetry LMSSAdditionally consider all strand-symmetric Lie Markov models,28.0,Command reference,4.0,6.0
288.0,Automatic model selection,"When a partition file is specified then you can append MERGE keyword into -m option to find the best-fit partitioning scheme like PartitionFinder (Lanfear et al., 2012). More specifically,",28.0,Command reference,4.0,7.0
289.0,Automatic model selection,"OptionUsage and meaning-m TESTMERGEONLYSelect best-fit partitioning scheme by possibly merging partitions to reduce over-parameterization and increase model fit. It implements the greedy algorithm of PartitionFinder.-m TESTMERGELike -m TESTMERGEONLY but immediately followed by tree reconstruction using the best partitioning scheme found.-m TESTNEWMERGEONLY or -m MF MERGELike -m TESTMERGEONLY but additionally includes FreeRate model.-m TESTNEWMERGE or -m MFP MERGELike -m MF MERGE but immediately followed by tree reconstruction using the best partitioning scheme found.-rclusterSpecify the percentage for the relaxed clustering algorithm (Lanfear et al., 2014) to speed up the computation instead of the default slow greedy algorithm. This is similar to --rcluster-percent option of PartitionFinder. For example, with -rcluster 10 only the top 10% partition schemes are considered to save computations.-rclusterfSimilar to -rcluster but using the fast relaxed clustering algorithm (Lanfear et al., 2017) of PartitionFinder2. Introduced in version 1.6.-rcluster-maxSpecify the absolute maximum number of partition pairs in the paritition merging phase. Default the larger of 1000 and 10 times the number of partitions. This option is similar to --rcluster-max option of PartitionFinder2.",28.0,Command reference,4.0,8.0
290.0,Automatic model selection,"WARNING For versions <= 1.5.X, all commands with -m ...MERGE... will always perform an edge-unlinked partition scheme finding even if -spp option is used. Only in the next phase of tree reconstruction, then an edge-linked partition model is used. However, for versions 1.6.X onwards, the edge-linked partition finding is performed by -spp option.",28.0,Command reference,4.0,9.0
291.0,Automatic model selection,Several parameters can be set to e.g. reduce computations,28.0,Command reference,4.0,10.0
292.0,Automatic model selection,"OptionUsage and meaning-msetSpecify the name of a program (raxml, phyml or mrbayes) to restrict to only those models supported by the specified program. Alternatively, one can specify a comma-separated list of base models. For example, -mset WAG,LG,JTT will restrict model selection to WAG, LG, and JTT instead of all 18 AA models to save computations.-msubSpecify either nuclear, mitochondrial, chloroplast or viral to restrict to those AA models designed for specified source.-mfreqSpecify a comma-separated list of frequency types for model selection. DEFAULT -mfreq FU,F for protein models (FU = AA frequencies given by the protein matrix, F = empirical AA frequencies from the data), -mfreq ,F1x4,F3x4,F for codon models-mrateSpecify a comma-separated list of rate heterogeneity types for model selection. DEFAULT -mrate E,I,G,I G for standard procedure, -mrate E,I,G,I G,R for new selection procedure. (E means Equal/homogeneous rate model).-cminSpecify minimum number of categories for FreeRate model. DEFAULT 2-cmaxSpecify maximum number of categories for FreeRate model. It is recommended to increase if alignment is long enough. DEFAULT 10-meritSpecify either AIC, AICc or BIC for the optimality criterion to apply for new procedure. DEFAULT all three criteria are considered-mtreeTurn on full tree search for each model considered, to obtain more accurate result. Only recommended if enough computational resources are available. DEFAULT fixed starting tree-mredoIgnore model checkpoint file computed earlier. DEFAULT model checkpoint file (if exists) is loaded to reuse previous computations-maddSpecify a comma-separated list of mixture models to additionally consider for model selection. For example, -madd LG4M,LG4X to additionally include these two protein mixture models.-mdefSpecify a NEXUS model file to define new models.",28.0,Command reference,4.0,11.0
293.0,Automatic model selection,"NOTE Some of the above options require a comma-separated list, which should not contain any empty space",28.0,Command reference,4.0,12.0
294.0,Automatic model selection,Example usages,28.0,Command reference,4.0,13.0
295.0,Automatic model selection,"Select best-fit model for alignment data.phy based on Bayesian information criterion (BIC)  iqtree -s data.phy -m TESTONLYSelect best-fit model for a protein alignment prot.phy using the new testing procedure and only consider WAG, LG and JTT matrix to save time  iqtree -s prot.phy -m MF -mset WAG,LG,JTTFind the best partitioning scheme for alignment data.phy and partition file partition.nex with a relaxed clustering at 10% to save time  iqtree -s data.phy -spp partition.nex -m TESTMERGEONLY -rcluster 10",28.0,Command reference,4.0,14.0
296.0,Specifying substitution models,Specifying substitution models,29.0,Command reference,4.0,1.0
297.0,Specifying substitution models,"-m is a powerful option to specify substitution models, state frequency and rate heterogeneity type. The general syntax is",29.0,Command reference,4.0,2.0
298.0,Specifying substitution models,-m MODEL FreqType RateType,29.0,Command reference,4.0,3.0
299.0,Specifying substitution models,"where MODEL is a model name,  FreqType (optional) is the frequency type and  RateType (optional) is the rate heterogeneity type.",29.0,Command reference,4.0,4.0
300.0,Specifying substitution models,The following MODELs are available,29.0,Command reference,4.0,5.0
301.0,Specifying substitution models,"DataTypeModel namesDNAJC/JC69, F81, K2P/K80, HKY/HKY85, TN/TrN/TN93, TNe, K3P/K81, K81u, TPM2, TPM2u, TPM3, TPM3u, TIM, TIMe, TIM2, TIM2e, TIM3, TIM3e, TVM, TVMe, SYM, GTR and 6-digit specification. See DNA models for more details.ProteinBLOSUM62, cpREV, Dayhoff, DCMut, FLU, HIVb, HIVw, JTT, JTTDCMut, LG, mtART, mtMAM, mtREV, mtZOA, mtMet, mtVer, mtInv, Poisson, PMB, rtREV, VT, WAG.ProteinMixture models C10, …, C60 (CAT model) (Lartillot and Philippe, 2004), EX2, EX3, EHO, UL2, UL3, EX_EHO, LG4M, LG4X, CF4. See Protein models for more details.CodonMG, MGK, MG1KTS, MG1KTV, MG2K, GY, GY1KTS, GY1KTV, GY2K, ECMK07/KOSI07, ECMrest, ECMS05/SCHN05 and combined empirical-mechanistic models. See Codon models for more details.BinaryJC2, GTR2. See Binary and morphological models for more details.MorphologyMK, ORDERED. See Binary and morphological models for more details.",29.0,Command reference,4.0,6.0
302.0,Specifying substitution models,The following FreqTypes are supported,29.0,Command reference,4.0,7.0
303.0,Specifying substitution models,FreqTypeMeaning FEmpirical state frequency observed from the data. FOState frequency optimized by maximum-likelihood from the data. Note that this is with letter-O and not digit-0. FQEqual state frequency. F1x4See Codon frequencies. F3x4See Codon frequencies.,29.0,Command reference,4.0,8.0
304.0,Specifying substitution models,Further options,29.0,Command reference,4.0,9.0
305.0,Specifying substitution models,"OptionUsage and meaning-mwoptTurn on optimizing weights of mixture models. Note that for models like LG C20 F G this mode is automatically turned on, but not for LG C20 G.",29.0,Command reference,4.0,10.0
306.0,Specifying substitution models,Example usages,29.0,Command reference,4.0,11.0
307.0,Specifying substitution models,Infer an ML tree for a DNA alignment dna.phy under GTR I G model  iqtree -s dna.phy -m GTR I GInfer an ML tree for a protein alignment prot.phy under LG F G model  iqtree -s prot.phy -m LG F GInfer an ML tree for a protein alignment prot.phy under profile mixture model LG C10 F G  iqtree -s prot.phy -m LG C10 F G,29.0,Command reference,4.0,12.0
308.0,Rate heterogeneity,Rate heterogeneity,30.0,Command reference,4.0,1.0
309.0,Rate heterogeneity,The following RateTypes are supported,30.0,Command reference,4.0,2.0
310.0,Rate heterogeneity,"RateTypeMeaning IAllowing for a proportion of invariable sites. GDiscrete Gamma model (Yang, 1994) with default 4 rate categories. The number of categories can be changed with e.g.  G8. I GInvariable site plus discrete Gamma model (Gu et al., 1995). RFreeRate model (Yang, 1995; Soubrier et al., 2012) that generalizes  G by relaxing the assumption of Gamma-distributed rates. The number of categories can be specified with e.g.  R6. DEFAULT 4 categories I Rinvariable site plus FreeRate model.",30.0,Command reference,4.0,3.0
311.0,Rate heterogeneity,See Rate heterogeneity across sites for more details.,30.0,Command reference,4.0,4.0
312.0,Rate heterogeneity,Further options,30.0,Command reference,4.0,5.0
313.0,Rate heterogeneity,"OptionUsage and meaning-aSpecify the Gamma shape parameter (default estimate)-gmedianPerform the median approximation for Gamma rate heterogeneity instead of the default mean approximation (Yang, 1994)-iSpecify the proportion of invariable sites (default estimate)--opt-gamma-invPerform more thorough estimation for  I G model parameters-wsrWrite per-site rates to .rate file",30.0,Command reference,4.0,6.0
314.0,Rate heterogeneity,"Optionally, one can specify Ascertainment bias correction by appending  ASC to the model string. Advanced mixture models can also be specified via MIX{...} and FMIX{...} syntax. Option -mwopt can be used to turn on optimizing weights of mixture models.",30.0,Command reference,4.0,7.0
315.0,Partition model options,Partition model options,31.0,Command reference,4.0,1.0
316.0,Partition model options,Partition models are used for phylogenomic data with multiple genes. You first have to prepare a partition file in NEXUS or RAxML-style format. Then use the following options to input the partition file,31.0,Command reference,4.0,2.0
317.0,Partition model options,"OptionUsage and meaning-qSpecify partition file for edge-equal partition model. That means, all partitions share the same set of branch lengths (like -q option of RAxML).-sppLike -q but allowing partitions to have different evolutionary speeds (edge-proportional partition model).-spSpecify partition file for edge-unlinked partition model. That means, each partition has its own set of branch lengths (like -M option of RAxML). This is the most parameter-rich partition model to accomodate heterotachy.",31.0,Command reference,4.0,3.0
318.0,Site-specific frequency model options,Site-specific frequency model options,32.0,Command reference,4.0,1.0
319.0,Site-specific frequency model options,The site-specific frequency model is used to substantially reduce the time and memory requirement compared with full profile mixture models C10 to C60. For full details see site-specific frequency model. To use this model you have to specify a profile mixture model with e.g. -m LG C20 F G together with a guide tree or a site frequency file,32.0,Command reference,4.0,2.0
320.0,Site-specific frequency model options,"OptionUsage and meaning-ftSpecify a guide tree (in Newick format) to infer site frequency profiles.-fsSpecify a site frequency file, e.g. the .sitefreq file obtained from -ft run. This will save memory used for the first phase of the analysis.-fmaxSwitch to posterior maximum mode for obtaining site-specific profiles. Default posterior mean.",32.0,Command reference,4.0,3.0
321.0,Site-specific frequency model options,With -fs option you can input a file containing your own site frequency profiles. The format of this file is that each line contains the site ID (starting from 1) and the state frequencies (20 for amino-acid) separated by white space. So it has as many lines as the number of sites in the alignment. The order of amino-acids is,32.0,Command reference,4.0,4.0
322.0,Site-specific frequency model options, A   R   N   D   C   Q   E   G   H   I   L   K   M   F   P   S   T   W   Y   V,32.0,Command reference,4.0,5.0
323.0,Tree search parameters,Tree search parameters,33.0,Command reference,4.0,1.0
324.0,Tree search parameters,"The new   search algorithm (Nguyen et al., 2015) has several parameters that can be changed with",33.0,Command reference,4.0,2.0
325.0,Tree search parameters,"OptionUsage and meaning-allnniTurn on more thorough and slower NNI search. It means that   will consider all possible NNIs instead of only those in the vicinity of previously applied NNIs. DEFAULT OFF-djcAvoid computing ML pairwise distances and BIONJ tree.-fastTurn on the fast tree search mode, where   will just construct two starting trees maximum parsimony and BIONJ, which are then optimized by nearest neighbor interchange (NNI). Introduced in version 1.6.-gSpecify a topological constraint tree file in NEWICK format. The constraint tree can be a multifurcating tree and need not to include all taxa.-ninitSpecify number of initial parsimony trees. DEFAULT 100. Here the PLL library (Flouri et al., 2015) is used, which implements the randomized stepwise addition and parsimony subtree pruning and regafting (SPR).-nSpecify number of iterations to stop. This option overrides -nstop criterion.-ntopSpecify number of top initial parsimony trees to optimize with ML nearest neighbor interchange (NNI) search to initialize the candidate set. DEFAULT 20-nbestSpecify number of trees in the candidate set to maintain during ML tree search. DEFAULT 5-nstopSpecify number of unsuccessful iterations to stop. DEFAULT 100-persSpecify perturbation strength (between 0 and 1) for randomized NNI. DEFAULT 0.5-sprradSpecify SPR radius for the initial parsimony tree search. DEFAULT 6",33.0,Command reference,4.0,3.0
326.0,Tree search parameters,"NOTE While the default parameters were empirically determined to work well under our extensive benchmark (Nguyen et al., 2015), it might not hold true for all data sets. If in doubt that tree search is still stuck in local optima, one should repeat analysis with at least 10   runs. Moreover, our experience showed that -pers and -nstop are the most relevant options to change in such case. For example, data sets with many short sequences should be analyzed with smaller perturbation strength (e.g. -pers 0.2) and larger number of stop iterations (e.g. -nstop 500).",33.0,Command reference,4.0,4.0
327.0,Tree search parameters,Example usages,33.0,Command reference,4.0,5.0
328.0,Tree search parameters,Infer an ML tree for an alignment data.phy with increased stopping iteration of 500 and reduced perturbation strength of 0.2  iqtree -s data.phy -m TEST -nstop 500 -pers 0.2Infer an ML tree for an alignment data.phy obeying a topological constraint tree constraint.tree  iqtree -s data.phy -m TEST -g constraint.tree,33.0,Command reference,4.0,6.0
329.0,Ultrafast bootstrap parameters,Ultrafast bootstrap parameters,34.0,Command reference,4.0,1.0
330.0,Ultrafast bootstrap parameters,"The ultrafast bootstrap (UFBoot) approximation (Minh et al., 2013; Hoang et al., in press) has several parameters that can be changed with",34.0,Command reference,4.0,2.0
331.0,Ultrafast bootstrap parameters,"OptionUsage and meaning-bbSpecify number of bootstrap replicates (>=1000).-bcorSpecify minimum correlation coefficient for UFBoot convergence criterion. DEFAULT 0.99-bepsSpecify a small epsilon to break tie in RELL evaluation for bootstrap trees. DEFAULT 0.5-bnniPerform an additional step to further optimize UFBoot trees by nearest neighbor interchange (NNI) based directly on bootstrap alignments. This option is recommended in the presence of severe model violations. It increases computing time by 2-fold but reduces the risk of overestimating branch supports due to severe model violations. Introduced in   1.6.-bsamSpecify the resampling strategies for partitioned analysis. By default,   resamples alignment sites within partitions. With -bsam GENE   will resample partitions. With -bsam GENESITE   will resample partitions and then resample sites within resampled partitions (Gadagkar et al., 2005; Seo et al., 2005).-nmSpecify maximum number of iterations to stop. DEFAULT 1000-nstepSpecify iteration interval checking for UFBoot convergence. DEFAULT every 100 iterations-wbtTurn on writing bootstrap trees to .ufboot file. DEFAULT OFF-wbtlLike -wbt but bootstrap trees written with branch lengths. DEFAULT OFF",34.0,Command reference,4.0,3.0
332.0,Ultrafast bootstrap parameters,Example usages,34.0,Command reference,4.0,4.0
333.0,Ultrafast bootstrap parameters,"Select best-fit model, infer an ML tree and perform ultrafast bootstrap with 1000 replicates  iqtree -s data.phy -m TEST -bb 1000Reconstruct ML and perform ultrafast bootstrap (5000 replicates) under a partition model file partition.nex  iqtree -s data.phy -spp partition.nex -m TEST -bb 5000",34.0,Command reference,4.0,5.0
334.0,Nonparametric bootstrap,Nonparametric bootstrap,35.0,Command reference,4.0,1.0
335.0,Nonparametric bootstrap,"The slow standard nonparametric bootstrap (Felsenstein, 1985) can be run with",35.0,Command reference,4.0,2.0
336.0,Nonparametric bootstrap,OptionUsage and meaning-bSpecify number of bootstrap replicates (recommended >=100). This will perform both bootstrap and analysis on original alignment and provide a consensus tree.-bcLike -b but omit analysis on original alignment.-boLike -b but only perform bootstrap analysis (no analysis on original alignment and no consensus tree).,35.0,Command reference,4.0,3.0
337.0,Single branch tests,Single branch tests,36.0,Command reference,4.0,1.0
338.0,Single branch tests,"The following single branch tests are faster than all bootstrap analysis and recommended for extremely large data sets (e.g., >10,000 taxa)",36.0,Command reference,4.0,2.0
339.0,Single branch tests,"OptionUsage and meaning-alrtSpecify number of replicates (>=1000) to perform SH-like approximate likelihood ratio test (SH-aLRT) (Guindon et al., 2010). If number of replicates is set to 0 (-alrt 0), then the parametric aLRT test (Anisimova and Gascuel 2006) is performed, instead of SH-aLRT.-abayesPerform approximate Bayes test (Anisimova et al., 2011).-lbpSpecify number of replicates (>=1000) to perform fast local bootstrap probability method (Adachi and Hasegawa, 1996b).",36.0,Command reference,4.0,3.0
340.0,Single branch tests,"TIP One can combine all these tests (also including UFBoot -bb option) within a single   run. Each branch in the resulting tree will be assigned several support values separated by slash (/), where the order of support values is stated in the .iqtree report file.",36.0,Command reference,4.0,4.0
341.0,Single branch tests,Example usages,36.0,Command reference,4.0,5.0
342.0,Single branch tests,Infer an ML tree and perform SH-aLRT test as well as ultrafast bootstrap with 1000 replicates  iqtree -s data.phy -m TEST -alrt 1000 -bb 1000,36.0,Command reference,4.0,6.0
343.0,Ancestral sequence reconstruction,Ancestral sequence reconstruction,37.0,Command reference,4.0,1.0
344.0,Ancestral sequence reconstruction,"This feature is newly introduced in version 1.6. You can combine this feature with -te option to determine ancestral sequences along a user-defined tree (Otherwise,   computes ancestral sequences of the ML tree).",37.0,Command reference,4.0,2.0
345.0,Ancestral sequence reconstruction,"OptionUsage and meaning-asrWrite ancestral sequences (by empirical Bayesian method) for all nodes of the tree to .state file.-asr-minSpecify the minimum threshold of posterior probability to determine the best ancestral state. Default observed state frequency from the alignment.-teSpecify a user-defined tree to determine ancestral sequences along this tree. You can assign each node of this tree with a node name, and   will report the ancestral sequences of the corresponding nodes. If nodes do not have names,   will automatically assign node namdes as Node1, Node2, etc.",37.0,Command reference,4.0,3.0
346.0,Ancestral sequence reconstruction,Example usages,37.0,Command reference,4.0,4.0
347.0,Ancestral sequence reconstruction,iqtree -s example.phy -m JC G -asr,37.0,Command reference,4.0,5.0
348.0,Ancestral sequence reconstruction,The first few lines of the output file example.phy.state may look like this,37.0,Command reference,4.0,6.0
349.0,Ancestral sequence reconstruction," Ancestral state reconstruction for all nodes in example.phy.treefile This file can be read in MS Excel or in R with command   tab=read.table('example.phy.state',header=TRUE) Columns are tab-separated with following meaning   Node  Node name in the tree   Site  Alignment site ID   State Most likely state assignment   p_X   Posterior probability for state X (empirical Bayesian method)Node    Site    State   p_A     p_C     p_G     p_TNode2   1       C       0.00004 0.99992 0.00002 0.00002Node2   2       A       0.92378 0.00578 0.00577 0.06468Node2   3       A       0.95469 0.02634 0.00675 0.01222Node2   4       C       0.00002 0.99992 0.00002 0.00004...",37.0,Command reference,4.0,7.0
350.0,Tree topology tests,Tree topology tests,38.0,Command reference,4.0,1.0
351.0,Tree topology tests,"  provides a number of tests for significant topological differences between trees. The AU test implementation in   is much more efficient than the original CONSEL by supporting SSE, AVX and multicore parallelization. Moreover, it is more appropriate than CONSEL for partition analysis by bootstrap resampling sites within partitions, whereas CONSEL is not partition-aware.",38.0,Command reference,4.0,2.0
352.0,Tree topology tests,"NOTE There is a discrepancy between   and CONSEL for the AU test   implements the least-square estimate for p-values whereas CONSEL provides the maximum-likelihood estimate (MLE) for p-values. Hence, the AU p-values might be slightly different. We plan to implement MLE for AU p-values in   soon.",38.0,Command reference,4.0,3.0
353.0,Tree topology tests,"OptionUsage and meaning-zSpecify a file containing a set of trees.   will compute the log-likelihoods of all trees.-zbSpecify the number of RELL (Kishino et al., 1990) replicates (>=1000) to perform several tree topology tests for all trees passed via -z. The tests include bootstrap proportion (BP), KH test (Kishino and Hasegawa, 1989), SH test (Shimodaira and Hasegawa, 1999) and expected likelihood weights (ELW) (Strimmer and Rambaut, 2002).-zwUsed together with -zb to additionally perform the weighted-KH and weighted-SH tests.-auUsed together with -zb to additionally perform the approximately unbiased (AU) test (Shimodaira, 2002). Note that you have to specify the number of replicates for the AU test via -zb.-n 0Only estimate model parameters on an initial parsimony tree and ignore a full tree search to save time.-teSpecify a fixed user tree to estimate model parameters. Thus it behaves like -n 0 but uses a user-defined tree instead of parsimony tree.",38.0,Command reference,4.0,4.0
354.0,Tree topology tests,Example usages,38.0,Command reference,4.0,5.0
355.0,Tree topology tests,"Given alignment data.phy, test a set of trees in data.trees using AU test with 10,000 replicates  iqtree -s data.phy -m GTR G -n 0 -z data.trees -zb 10000 -au Same above but for a partitioned data partition.nex and additionally performing weighted test  iqtree -s data.phy -spp partition.nex -n 0 -z data.trees -zb 10000 -au -zw",38.0,Command reference,4.0,6.0
356.0,Constructing consensus tree,Constructing consensus tree,39.0,Command reference,4.0,1.0
357.0,Constructing consensus tree,  provides a fast implementation of consensus tree construction for post analysis,39.0,Command reference,4.0,2.0
358.0,Constructing consensus tree,"OptionUsage and meaning-tSpecify a file containing a set of trees.-conCompute consensus tree of the trees passed via -t. Resulting consensus tree is written to .contree file.-netCompute consensus network of the trees passed via -t. Resulting consensus network is written to .nex file.-minsupSpecify a minimum threshold (between 0 and 1) to keep branches in the consensus tree. -minsup 0.5 means to compute majority-rule consensus tree. DEFAULT 0 to compute extended majority-rule consensus.-biSpecify a burn-in, which is the number of beginning trees passed via -t to discard before consensus construction. This is useful e.g. when summarizing trees from MrBayes analysis.-supSpecify an input “target” tree file. That means, support values are first extracted from the trees passed via -t, and then mapped onto the target tree. Resulting tree with assigned support values is written to .suptree file. This option is useful to map and compare support values from different approaches onto a single tree.-suptagSpecify name of a node in -sup target tree. The corresponding node of .suptree will then be assigned with IDs of trees where this node appears. Special option -suptag ALL will assign such IDs for all nodes of the target tree.-scaleSet the scaling factor of support values for -sup option (default 100, i.e. percentages)-precSet the precision of support values for -sup option (default 0)",39.0,Command reference,4.0,3.0
359.0,Computing Robinson-Foulds distance,Computing Robinson-Foulds distance,40.0,Command reference,4.0,1.0
360.0,Computing Robinson-Foulds distance,  provides a fast implementation of Robinson-Foulds (RF) distance computation between trees,40.0,Command reference,4.0,2.0
361.0,Computing Robinson-Foulds distance,OptionUsage and meaning-tSpecify a file containing a set of trees.-rfSpecify a second set of trees.   computes all pairwise RF distances between two tree sets passed via -t and -rf-rf_allCompute all-to-all RF distances between all trees passed via -t-rf_adjCompute RF distances between adjacent trees passed via -t,40.0,Command reference,4.0,3.0
362.0,Computing Robinson-Foulds distance,Example usages,40.0,Command reference,4.0,4.0
363.0,Computing Robinson-Foulds distance,Compute the pairwise RF distances between 2 sets of trees  iqtree -rf tree_set1 tree_set2Compute the all-to-all RF distances within a set of trees  iqtree -rf_all tree_set,40.0,Command reference,4.0,5.0
364.0,Generating random trees,Generating random trees,41.0,Command reference,4.0,1.0
365.0,Generating random trees,  provides several random tree generation models,41.0,Command reference,4.0,2.0
366.0,Generating random trees,"OptionUsage and meaning-rSpecify number of taxa.   will create a random tree under Yule-Harding model with specified number of taxa-ruLike -r, but a random tree is created under uniform model.-rcatLike -r, but a random caterpillar tree is created.-rbalLike -r, but a random balanced tree is created.-rcsgLike -r, bur a random circular split network is created.-rlenSpecify three numbers minimum, mean and maximum branch lengths of the random tree. DEFAULT -rlen 0.001 0.1 0.999",41.0,Command reference,4.0,3.0
367.0,Generating random trees,Example usages,41.0,Command reference,4.0,4.0
368.0,Generating random trees,Generate a 100-taxon random tree into the file 100.tree under the Yule Harding model  iqtree -r 100 100.tree Generate 100-taxon random tree with mean branch lengths of 0.2 and branch lengths are between 0.05 and 0.3  iqtree -r 100 -rlen 0.05 0.2 0.3 100.tree Generate a random tree under uniform model  iqtree -ru 100 100.tree Generate a random tree where taxon labels follow an alignment  iqtree -s example.phy -r 17 example.random.tree ,41.0,Command reference,4.0,5.0
369.0,Generating random trees,"Note that, you still need to specify the -r option being equal to the number of taxa in the alignment.",41.0,Command reference,4.0,6.0
370.0,Miscellaneous options,Miscellaneous options,42.0,Command reference,4.0,1.0
371.0,Miscellaneous options,"OptionUsage and meaning-alninfoPrint alignment site statistics to .alninfo file.-blfixFix branch lengths of tree passed via -t or -te. This is useful to evaluate the log-likelihood of an input tree with fixed tolopogy and branch lengths. DEFAULT OFF-blminSpecify minimum branch length. Default the smaller of 0.000001 and 0.1/alignment_length.-blmaxSpecify the maximum branch length. Default 10-czbCollapse near zero branches, so that the final tree may be multifurcating. This is useful for bootstrapping in the presence of polytomy to reduce bootstrap supports of short branches.-meSpecify the log-likelihood epsilon for final model parameter estimation (Default 0.01). With -fast option, the epsilon is raised to 0.05.-wplWrite partition log-likelihoods to .partlh file. Only effective with partition model.-wsprWrite site posterior probabilities per rate category to .siteprob file.-wspmWrite site posterior probabilities per mixture class to .siteprob file.-wspmrWrite site posterior probabilities per mixture class and rate category to .siteprob file.-wslWrite site log-likelihoods to .sitelh file in TREE-PUZZLE format. Such file can then be passed on to CONSEL for further tree tests.-wslrWrite site log-likelihoods per rate category to .sitelh file.-wslmWrite site log-likelihoods per mixture class to .sitelh file.-wslmrWrite site log-likelihoods per mixture class and rate category to .sitelh file.-wtTurn on writing all locally optimal trees into .treels file.-fconstSpecify a list of comma-separated integer numbers. The number of entries should be equal to the number of states in the model (e.g. 4 for DNA and 20 for protein).   will then add a number of constant sites accordingly. For example, -fconst 10,20,15,40 will add 10 constant sites of all A, 20 constant sites of all C, 15 constant sites of all G and 40 constant sites of all T into the alignment.",42.0,Command reference,4.0,2.0
372.0,Miscellaneous options,Example usages,42.0,Command reference,4.0,3.0
373.0,Miscellaneous options,Print alignment information about parsimony informative sites  iqtree -s example.phy -m JC -n 0 -alninfo,42.0,Command reference,4.0,4.0
374.0,Miscellaneous options,The first few lines of the output file example.phy.alninfo may look like this,42.0,Command reference,4.0,5.0
375.0,Miscellaneous options," Alignment site statistics This file can be read in MS Excel or in R with command   tab=read.table('example.phy.alninfo',header=TRUE) Columns are tab-separated with following meaning   Site   Site ID   Stat   Statistic, I=informative, C=constant, c=constant ambiguous,           U=Uninformative but not constant, -=all-gapsSite    Stat1       U2       I3       I4       U5       U",42.0,Command reference,4.0,6.0
376.0,Miscellaneous options,Print site log-likelihood and posterior probability for each Gamma rate category  iqtree -s example.phy -m JC G -wspr -wslr  -n 0,42.0,Command reference,4.0,7.0
377.0,Miscellaneous options,The first few lines of the output file example.phy.siteprob (printed by -wspr option) may look like this,42.0,Command reference,4.0,8.0
378.0,Miscellaneous options,Site    p1      p2      p3      p41       0.180497        0.534405        0.281   0.004098162       4.73239e-05     0.0373409       0.557705        0.4049073       1.23186e-08     0.000426294     0.0672021       0.9323724       0.180497        0.534405        0.281   0.004098165       0.180497        0.534405        0.281   0.00409816,42.0,Command reference,4.0,9.0
379.0,Miscellaneous options,where pX is the probability of the site falling into rate category X.,42.0,Command reference,4.0,10.0
380.0,Miscellaneous options,The first few lines of the output file example.phy.sitelh (printed by -wslr option) may look like this,42.0,Command reference,4.0,11.0
381.0,Miscellaneous options," Site likelihood per rate/mixture category This file can be read in MS Excel or in R with command   tab=read.table('example.phy.sitelh',header=TRUE,fill=TRUE) Columns are tab-separated with following meaning   Site   Alignment site ID   LnL    Logarithm of site likelihood           Thus, sum of LnL is equal to tree log-likelihood   LnLW_k Logarithm of (category-k site likelihood times category-k weight)           Thus, sum of exp(LnLW_k) is equal to exp(LnL)Site    LnL     LnLW_1  LnLW_2  LnLW_3  LnLW_41       -7.0432 -8.7552 -7.6698 -8.3126 -12.54042       -17.5900        -27.5485        -20.8776        -18.1739        -18.49413       -20.3313        -38.5435        -28.0917        -23.0314        -20.40144       -7.0432 -8.7552 -7.6698 -8.3126 -12.54045       -7.0432 -8.7552 -7.6698 -8.3126 -12.5404",42.0,Command reference,4.0,12.0
