cluster,cluster_index,label,label_index,sentence,sentence_index
Beginner’s tutorial,3.0,Choosing the right substitution model,16.0,"Jermiin (2017) ModelFinder fast model selection for accurate phylogenetic estimates.Nat.Methods, 14587–589.",44.0
Command reference,4.0,Tree topology tests,38.0,"The tests include bootstrap proportion (BP), KH test (Kishino and Hasegawa, 1989), SH test (Shimodaira and Hasegawa, 1999) and expected likelihood weights (ELW) (Strimmer and Rambaut, 2002).-zwUsed together with -zb to additionally perform the weighted-KH and weighted-SH tests.-auUsed together with -zb to additionally perform the approximately unbiased (AU) test (Shimodaira, 2002).Note that you have to specify the number of replicates for the AU test via -zb.-n 0Only estimate model parameters on an initial parsimony tree and ignore a full tree search to save time.-teSpecify a fixed user tree to estimate model parameters.Thus it behaves like -n 0 but uses a user-defined tree instead of parsimony tree.Example usagesGiven alignment data.phy, test a set of trees in data.trees using AU test with 10,000 replicates  iqtree -s data.phy -m GTR G -n 0 -z data.trees -zb 10000 -au Same above but for a partitioned data partition.nex and additionally performing weighted test  iqtree -s data.phy -spp partition.nex -n 0 -z data.trees -zb 10000 -au -zw",123.0
Beginner’s tutorial,3.0,Utilizing multi-core CPUs,23.0,"Utilizing multi-core CPUs  can utilize multiple CPU cores to speed up the analysis.A complement option -T (or -nt for version 1.x) allows specifying the number of CPU cores to use.For exampleiqtree -s example.phy -m TIM2 I G -T 2 for version 1.x change -T to -ntHere,   will use 2 CPU cores to perform the analysis.Note that the parallel efficiency is only good for long alignments.",63.0
Command reference,4.0,Miscellaneous options,42.0,"For example, -fconst 10,20,15,40 will add 10 constant sites of all A, 20 constant sites of all C, 15 constant sites of all G and 40 constant sites of all T into the alignment.Example usagesPrint alignment information about parsimony informative sites  iqtree -s example.phy -m JC -n 0 -alninfoThe first few lines of the output file example.phy.alninfo may look like this Alignment site statistics This file can be read in MS Excel or in R with command   tab=read.table('example.phy.alninfo',header=TRUE) Columns are tab-separated with following meaning   Site   Site ID   Stat   Statistic, I=informative, C=constant, c=constant ambiguous,           U=Uninformative but not constant, -=all-gapsSite    Stat1       U2       I3       I4       U5       UPrint site log-likelihood and posterior probability for each Gamma rate category  iqtree -s example.phy -m JC G -wspr -wslr  -n 0The first few lines of the output file example.phy.siteprob (printed by -wspr option) may look like thisSite    p1      p2      p3      p41       0.180497        0.534405        0.281   0.004098162       4.73239e-05     0.0373409       0.557705        0.4049073       1.23186e-08     0.000426294     0.0672021       0.9323724       0.180497        0.534405        0.281   0.004098165       0.180497        0.534405        0.281   0.00409816where pX is the probability of the site falling into rate category X.The first few lines of the output file example.phy.sitelh (printed by -wslr option) may look like this Site likelihood per rate/mixture category This file can be read in MS Excel or in R with command   tab=read.table('example.phy.sitelh',header=TRUE,fill=TRUE) Columns are tab-separated with following meaning   Site   Alignment site ID   LnL    Logarithm of site likelihood           Thus, sum of LnL is equal to tree log-likelihood   LnLW_k Logarithm of (category-k site likelihood times category-k weight)           Thus, sum of exp(LnLW_k) is equal to exp(LnL)Site    LnL     LnLW_1  LnLW_2  LnLW_3  LnLW_41       -7.0432 -8.7552 -7.6698 -8.3126 -12.54042       -17.5900        -27.5485        -20.8776        -18.1739        -18.49413       -20.3313        -38.5435        -28.0917        -23.0314        -20.40144       -7.0432 -8.7552 -7.6698 -8.3126 -12.54045       -7.0432 -8.7552 -7.6698 -8.3126 -12.5404",134.0
Command reference,4.0,Tree search parameters,33.0,"Tree search parametersThe new   search algorithm (Nguyen et al., 2015) has several parameters that can be changed withOptionUsage and meaning-allnniTurn on more thorough and slower NNI search.It means that   will consider all possible NNIs instead of only those in the vicinity of previously applied NNIs.DEFAULT OFF-djcAvoid computing ML pairwise distances and BIONJ tree.-fastTurn on the fast tree search mode, where   will just construct two starting trees maximum parsimony and BIONJ, which are then optimized by nearest neighbor interchange (NNI).",106.0
Beginner’s tutorial,3.0,Assessing branch supports with ultrafast bootstrap approximation,19.0,"This file can be viewed with the program SplitsTree to explore the conflicting signals in the data.So it is more informative than consensus tree, e.g.you can see how highly supported the second best conflicting split is, which had no chance to enter the consensus tree.example.phy.splits (if using -wsplits option) This file contains the same information as example.phy.splits.nex but in star-dot format.NOTE UFBoot support values have a different interpretation to the standard bootstrap.",57.0
Command reference,4.0,Tree search parameters,33.0,Introduced in version 1.6.-gSpecify a topological constraint tree file in NEWICK format.The constraint tree can be a multifurcating tree and need not to include all taxa.-ninitSpecify number of initial parsimony trees.DEFAULT 100.,107.0
Command reference,4.0,General options,25.0,"DEFAULT OFF-quietSilent mode, suppress printing to the screen.Note that .log file is still written.-keep-identKeep identical sequences in the alignment.Bu default   will remove them during the analysis and add them in the end.-safeTurn on safe numerical mode to avoid numerical underflow for large data sets with many sequences (typically in the order of thousands).",72.0
Command reference,4.0,Likelihood mapping analysis,27.0,On the right quartets falling into the three corners are informative.Those in three rectangles are partly informative and those in the center are uninformative.A good data set should have high number of informative quartets and low number of uninformative quartets.,80.0
Command reference,4.0,Constructing consensus tree,39.0,"This is useful e.g.when summarizing trees from MrBayes analysis.-supSpecify an input “target” tree file.That means, support values are first extracted from the trees passed via -t, and then mapped onto the target tree.",125.0
Beginner’s tutorial,3.0,Choosing the right substitution model,16.0,"DOI 10.1038/nmeth.4285  supports a wide range of substitution models for DNA, protein, codon, binary and morphological alignments.If you do not know which model is appropriate for your data, you can use ModelFinder to determine the best-fit modeliqtree -s example.phy -m MFP change -m MFP to -m TEST to resemble jModelTest/ProtTest-m is the option to specify the model name to use during the analysis.The special MFP key word stands for ModelFinder Plus, which tells   to perform ModelFinder and the remaining analysis using the selected model.",45.0
Command reference,4.0,Ultrafast bootstrap parameters,34.0,"By default,   resamples alignment sites within partitions.With -bsam GENE   will resample partitions.With -bsam GENESITE   will resample partitions and then resample sites within resampled partitions (Gadagkar et al., 2005; Seo et al., 2005).-nmSpecify maximum number of iterations to stop.",114.0
Command reference,4.0,General options,25.0,This is normally used for debugging purposes.DEFAULT based on current machine clock-vTurn on verbose mode for printing more messages to screen.This is normally used for debugging purposes.,71.0
Command reference,4.0,Site-specific frequency model options,32.0,Site-specific frequency model optionsThe site-specific frequency model is used to substantially reduce the time and memory requirement compared with full profile mixture models C10 to C60.For full details see site-specific frequency model.To use this model you have to specify a profile mixture model with e.g.,102.0
Command reference,4.0,Tree search parameters,33.0,"DEFAULT 6NOTE While the default parameters were empirically determined to work well under our extensive benchmark (Nguyen et al., 2015), it might not hold true for all data sets.If in doubt that tree search is still stuck in local optima, one should repeat analysis with at least 10   runs.Moreover, our experience showed that -pers and -nstop are the most relevant options to change in such case.",110.0
Command reference,4.0,Ultrafast bootstrap parameters,34.0,This option is recommended in the presence of severe model violations.It increases computing time by 2-fold but reduces the risk of overestimating branch supports due to severe model violations.Introduced in   1.6.-bsamSpecify the resampling strategies for partitioned analysis.,113.0
Command reference,4.0,Miscellaneous options,42.0,"Default the smaller of 0.000001 and 0.1/alignment_length.-blmaxSpecify the maximum branch length.Default 10-czbCollapse near zero branches, so that the final tree may be multifurcating.This is useful for bootstrapping in the presence of polytomy to reduce bootstrap supports of short branches.-meSpecify the log-likelihood epsilon for final model parameter estimation (Default 0.01).",131.0
Command reference,4.0,Tree search parameters,33.0,"For example, data sets with many short sequences should be analyzed with smaller perturbation strength (e.g.-pers 0.2) and larger number of stop iterations (e.g.-nstop 500).Example usagesInfer an ML tree for an alignment data.phy with increased stopping iteration of 500 and reduced perturbation strength of 0.2  iqtree -s data.phy -m TEST -nstop 500 -pers 0.2Infer an ML tree for an alignment data.phy obeying a topological constraint tree constraint.tree  iqtree -s data.phy -m TEST -g constraint.tree",111.0
Command reference,4.0,Constructing consensus tree,39.0,"Constructing consensus tree  provides a fast implementation of consensus tree construction for post analysisOptionUsage and meaning-tSpecify a file containing a set of trees.-conCompute consensus tree of the trees passed via -t. Resulting consensus tree is written to .contree file.-netCompute consensus network of the trees passed via -t. Resulting consensus network is written to .nex file.-minsupSpecify a minimum threshold (between 0 and 1) to keep branches in the consensus tree.-minsup 0.5 means to compute majority-rule consensus tree.DEFAULT 0 to compute extended majority-rule consensus.-biSpecify a burn-in, which is the number of beginning trees passed via -t to discard before consensus construction.",124.0
Command reference,4.0,Partition model options,31.0,"That means, all partitions share the same set of branch lengths (like -q option of RAxML).-sppLike -q but allowing partitions to have different evolutionary speeds (edge-proportional partition model).-spSpecify partition file for edge-unlinked partition model.That means, each partition has its own set of branch lengths (like -M option of RAxML).This is the most parameter-rich partition model to accomodate heterotachy.",101.0
Command reference,4.0,Automatic model selection,28.0,"For example, -mset WAG,LG,JTT will restrict model selection to WAG, LG, and JTT instead of all 18 AA models to save computations.-msubSpecify either nuclear, mitochondrial, chloroplast or viral to restrict to those AA models designed for specified source.-mfreqSpecify a comma-separated list of frequency types for model selection.DEFAULT -mfreq FU,F for protein models (FU = AA frequencies given by the protein matrix, F = empirical AA frequencies from the data), -mfreq ,F1x4,F3x4,F for codon models-mrateSpecify a comma-separated list of rate heterogeneity types for model selection.DEFAULT -mrate E,I,G,I G for standard procedure, -mrate E,I,G,I G,R for new selection procedure.",90.0
Beginner’s tutorial,3.0,Input data,14.0,"Input data  takes as input a multiple sequence alignment and will reconstruct an evolutionary tree that is best explained by the input data.If you have raw (unaligned) sequences, you need to first run an alignment program like MAFFT or ClustalW to align the sequences, before feeding them into  .The input alignment can be in various common formats.For example the PHYLIP format which may look like7 28Frog       AAATTTGGTCCTGTGATTCAGCAGTGATTurtle     CTTCCACACCCCAGGACTCAGCAGTGATBird       CTACCACACCCCAGGACTCAGCAGTAATHuman      CTACCACACCCCAGGAAACAGCAGTGATCow        CTACCACACCCCAGGAAACAGCAGTGACWhale      CTACCACGCCCCAGGACACAGCAGTGATMouse      CTACCACACCCCAGGACTCAGCAGTGATThis tiny alignment contains 7 DNA sequences from several animals with the sequence length of 28 nucleotides.",38.0
Command reference,4.0,Miscellaneous options,42.0,The number of entries should be equal to the number of states in the model (e.g.4 for DNA and 20 for protein).  will then add a number of constant sites accordingly.,133.0
Command reference,4.0,Nonparametric bootstrap,35.0,"Nonparametric bootstrapThe slow standard nonparametric bootstrap (Felsenstein, 1985) can be run withOptionUsage and meaning-bSpecify number of bootstrap replicates (recommended >=100).This will perform both bootstrap and analysis on original alignment and provide a consensus tree.-bcLike -b but omit analysis on original alignment.-boLike -b but only perform bootstrap analysis (no analysis on original alignment and no consensus tree).",117.0
Command reference,4.0,Ultrafast bootstrap parameters,34.0,"Ultrafast bootstrap parametersThe ultrafast bootstrap (UFBoot) approximation (Minh et al., 2013; Hoang et al., in press) has several parameters that can be changed withOptionUsage and meaning-bbSpecify number of bootstrap replicates (>=1000).-bcorSpecify minimum correlation coefficient for UFBoot convergence criterion.DEFAULT 0.99-bepsSpecify a small epsilon to break tie in RELL evaluation for bootstrap trees.DEFAULT 0.5-bnniPerform an additional step to further optimize UFBoot trees by nearest neighbor interchange (NNI) based directly on bootstrap alignments.",112.0
Command reference,4.0,Rate heterogeneity,30.0,Advanced mixture models can also be specified via MIX{...} and FMIX{...} syntax.Option -mwopt can be used to turn on optimizing weights of mixture models.,99.0
Command reference,4.0,Automatic model selection,28.0,"DEFAULT 10-meritSpecify either AIC, AICc or BIC for the optimality criterion to apply for new procedure.DEFAULT all three criteria are considered-mtreeTurn on full tree search for each model considered, to obtain more accurate result.Only recommended if enough computational resources are available.",92.0
Beginner’s tutorial,3.0,Assessing branch supports with single branch tests,22.0,"Assessing branch supports with single branch tests  provides an implementation of the SH-like approximate likelihood ratio test (Guindon et al., 2010).To perform this test, runiqtree -s example.phy -m TIM2 I G -alrt 1000-alrt specifies the number of bootstrap replicates for SH-aLRT where 1000 is the minimum number recommended.  also supports other tests such as the aBayes test (Anisimova et al., 2011) and the local bootstrap test (Adachi and Hasegawa, 1996b).See single branch tests for more details.You can also perform both SH-aLRT and the ultrafast bootstrap within one single runiqtree -s example.phy -m TIM2 I G -alrt 1000 -B 1000 for version 1.x change -B to -bbThe branches of the resulting .treefile will be assigned with both SH-aLRT and UFBoot support values, which are readable by any tree viewer program like FigTree, Dendroscope or ETE.",61.0
Beginner’s tutorial,3.0,Using codon models,17.0,"Moreover, any codon, which has at least one gap/unknown/ambiguous nucleotide, will be treated as unknown codon character.Note that the above command assumes the standard genetic code.If your sequences follow ‘The Invertebrate Mitochondrial Code’ (see the full list of supported genetic code here), then runiqtree -s coding_gene.phy -st CODON5",50.0
Command reference,4.0,Site-specific frequency model options,32.0,The order of amino-acids is A   R   N   D   C   Q   E   G   H   I   L   K   M   F   P   S   T   W   Y   V,105.0
Command reference,4.0,Ancestral sequence reconstruction,37.0,"You can assign each node of this tree with a node name, and   will report the ancestral sequences of the corresponding nodes.If nodes do not have names,   will automatically assign node namdes as Node1, Node2, etc.Example usagesiqtree -s example.phy -m JC G -asrThe first few lines of the output file example.phy.state may look like this Ancestral state reconstruction for all nodes in example.phy.treefile This file can be read in MS Excel or in R with command   tab=read.table('example.phy.state',header=TRUE) Columns are tab-separated with following meaning   Node  Node name in the tree   Site  Alignment site ID   State Most likely state assignment   p_X   Posterior probability for state X (empirical Bayesian method)Node    Site    State   p_A     p_C     p_G     p_TNode2   1       C       0.00004 0.99992 0.00002 0.00002Node2   2       A       0.92378 0.00578 0.00577 0.06468Node2   3       A       0.95469 0.02634 0.00675 0.01222Node2   4       C       0.00002 0.99992 0.00002 0.00004...",120.0
Beginner’s tutorial,3.0,Input data,14.0,"  also supports other file formats such as FASTA, NEXUS, CLUSTALW.The FASTA file for the above example may look like this>Frog       AAATTTGGTCCTGTGATTCAGCAGTGAT>Turtle     CTTCCACACCCCAGGACTCAGCAGTGAT>Bird       CTACCACACCCCAGGACTCAGCAGTAAT>Human      CTACCACACCCCAGGAAACAGCAGTGAT>Cow        CTACCACACCCCAGGAAACAGCAGTGAC>Whale      CTACCACGCCCCAGGACACAGCAGTGAT>Mouse      CTACCACACCCCAGGACTCAGCAGTGATTIP From version 2 you can input a directory of alignment files.  2 will load and concatenate all alignments within the directory, eliminating the need for users to manually perform this step.",39.0
Command reference,4.0,Checkpointing to resume stopped run,26.0,"Checkpointing to resume stopped runStarting with version 1.4.0   supports checkpointing If an   run was interrupted for some reason, rerunning it with the same command line and input data will automatically resume the analysis from the last stopped point.The previous log file will then be appended.If a run successfully finished,   will deny to rerun and issue an error message.",74.0
Command reference,4.0,Ultrafast bootstrap parameters,34.0,"DEFAULT OFFExample usagesSelect best-fit model, infer an ML tree and perform ultrafast bootstrap with 1000 replicates  iqtree -s data.phy -m TEST -bb 1000Reconstruct ML and perform ultrafast bootstrap (5000 replicates) under a partition model file partition.nex  iqtree -s data.phy -spp partition.nex -m TEST -bb 5000",116.0
Beginner’s tutorial,3.0,Reducing impact of severe model violations with UFBoot,20.0,"Reducing impact of severe model violations with UFBootStarting with   version 1.6 we provide a new option -bnni to reduce the risk of overestimating branch supports with UFBoot due to severe model violations.With this option UFBoot will further optimize each bootstrap tree using a hill-climbing nearest neighbor interchange (NNI) search based directly on the corresponding bootstrap alignment.Thus, if severe model violations are present in the data set at hand, users are advised to append -bnni to the regular UFBoot commandiqtree -s example.phy -m TIM2 I G -B 1000 -bnni for version 1.x change -B to -bb",59.0
Command reference,4.0,Checkpointing to resume stopped run,26.0,"If you delete this file, all checkpointing information will be lost",76.0
Command reference,4.0,Ancestral sequence reconstruction,37.0,"Ancestral sequence reconstructionThis feature is newly introduced in version 1.6.You can combine this feature with -te option to determine ancestral sequences along a user-defined tree (Otherwise,   computes ancestral sequences of the ML tree).OptionUsage and meaning-asrWrite ancestral sequences (by empirical Bayesian method) for all nodes of the tree to .state file.-asr-minSpecify the minimum threshold of posterior probability to determine the best ancestral state.Default observed state frequency from the alignment.-teSpecify a user-defined tree to determine ancestral sequences along this tree.",119.0
Command reference,4.0,Ultrafast bootstrap parameters,34.0,DEFAULT 1000-nstepSpecify iteration interval checking for UFBoot convergence.DEFAULT every 100 iterations-wbtTurn on writing bootstrap trees to .ufboot file.DEFAULT OFF-wbtlLike -wbt but bootstrap trees written with branch lengths.,115.0
Command reference,4.0,Tree search parameters,33.0,DEFAULT 5-nstopSpecify number of unsuccessful iterations to stop.DEFAULT 100-persSpecify perturbation strength (between 0 and 1) for randomized NNI.DEFAULT 0.5-sprradSpecify SPR radius for the initial parsimony tree search.,109.0
Command reference,4.0,Single branch tests,36.0,"Single branch testsThe following single branch tests are faster than all bootstrap analysis and recommended for extremely large data sets (e.g., >10,000 taxa)OptionUsage and meaning-alrtSpecify number of replicates (>=1000) to perform SH-like approximate likelihood ratio test (SH-aLRT) (Guindon et al., 2010).If number of replicates is set to 0 (-alrt 0), then the parametric aLRT test (Anisimova and Gascuel 2006) is performed, instead of SH-aLRT.-abayesPerform approximate Bayes test (Anisimova et al., 2011).-lbpSpecify number of replicates (>=1000) to perform fast local bootstrap probability method (Adachi and Hasegawa, 1996b).TIP One can combine all these tests (also including UFBoot -bb option) within a single   run.Each branch in the resulting tree will be assigned several support values separated by slash (/), where the order of support values is stated in the .iqtree report file.Example usagesInfer an ML tree and perform SH-aLRT test as well as ultrafast bootstrap with 1000 replicates  iqtree -s data.phy -m TEST -alrt 1000 -bb 1000",118.0
Beginner’s tutorial,3.0,Utilizing multi-core CPUs,23.0,"A good practice is to use -T AUTO to determine the best number of coresiqtree -s example.phy -m TIM2 I G -T AUTO for version 1.x change -T to -ntThen while running   may print something like this on to the screenMeasuring multi-threading efficiency up to 8 CPU coresThreads 1 / Time 8.001 sec / Speedup 1.000 / Efficiency 100% / LogL -22217Threads 2 / Time 4.346 sec / Speedup 1.841 / Efficiency 92% / LogL -22217Threads 3 / Time 3.381 sec / Speedup 2.367 / Efficiency 79% / LogL -22217Threads 4 / Time 4.385 sec / Speedup 1.825 / Efficiency 46% / LogL -22217BEST NUMBER OF THREADS 3Therefore, I would only use 3 cores for this example data.For later analysis with your same data set, you can stick to the determined number.Depending on the compute system it might be required to set an upper limit of CPU cores that can automatically be assigned.Use the -ntmax option to do so.",64.0
Command reference,4.0,Rate heterogeneity,30.0,"The number of categories can be specified with e.g. R6.DEFAULT 4 categories I Rinvariable site plus FreeRate model.See Rate heterogeneity across sites for more details.Further optionsOptionUsage and meaning-aSpecify the Gamma shape parameter (default estimate)-gmedianPerform the median approximation for Gamma rate heterogeneity instead of the default mean approximation (Yang, 1994)-iSpecify the proportion of invariable sites (default estimate)--opt-gamma-invPerform more thorough estimation for  I G model parameters-wsrWrite per-site rates to .rate fileOptionally, one can specify Ascertainment bias correction by appending  ASC to the model string.",98.0
Beginner’s tutorial,3.0,Choosing the right substitution model,16.0,"For example, -mset WAG,LG will test only models like WAG ... or LG .... Another useful option in this respect is -msub for AA data sets.With -msub nuclear only general AA models are included, whereas with -msub viral only AA models for viruses are included.If you have enough computational resource, you can perform a thorough and more accurate analysis that invokes a full tree search for each model considered via the -mtree optioniqtree -s example.phy -m MF -mtree",48.0
Beginner’s tutorial,3.0,Utilizing multi-core CPUs,23.0,"For instanceiqtree -s example.phy -m TIM2 I G -T AUTO -ntmax 8 for version 1.x change -T to -ntdoes the same as above, but only allows to use up to 8 CPU cores.By default all cores of the current machine would be used as maximum.",65.0
Command reference,4.0,Automatic model selection,28.0,"For example, with -rcluster 10 only the top 10% partition schemes are considered to save computations.-rclusterfSimilar to -rcluster but using the fast relaxed clustering algorithm (Lanfear et al., 2017) of PartitionFinder2.Introduced in version 1.6.-rcluster-maxSpecify the absolute maximum number of partition pairs in the paritition merging phase.Default the larger of 1000 and 10 times the number of partitions.",87.0
Beginner’s tutorial,3.0,Where to go from here?,24.0,"Where to go from here?Once confident enough you can go on with a more advanced tutorial, which covers topics like phylogenomic (multi-gene) analyses using partition models or mixture models.",66.0
Command reference,4.0,Miscellaneous options,42.0,Miscellaneous optionsOptionUsage and meaning-alninfoPrint alignment site statistics to .alninfo file.-blfixFix branch lengths of tree passed via -t or -te.This is useful to evaluate the log-likelihood of an input tree with fixed tolopogy and branch lengths.DEFAULT OFF-blminSpecify minimum branch length.,130.0
Command reference,4.0,General options,25.0,"DEFAULT 100 parsimony trees   BIONJ tree-teLike -t but fixing user tree.That means, no tree search is performed and   computes the log-likelihood of the fixed user tree.-oSpecify an outgroup taxon name to root the tree.The output tree in .treefile will be rooted accordingly.",69.0
Command reference,4.0,General options,25.0,"This mode is automatically turned on when having more than 2000 sequences.-memSpecify maximal RAM usage, for example, -mem 64G to use at most 64 GB of RAM.By default,   will try to not to exceed the computer RAM size.Example usagesReconstruct a maximum-likelihood tree given a sequence alignment file example.phy  iqtree -s example.phyReconstruct a maximum-likelihood tree using at most 8 GB RAM and automatically detect the number of cores to use   For version <= 1.5.X  iqtree-omp -s example.phy -nt AUTO -mem 8G       For version >= 1.6.0, change iqtree-omp to just iqtree  iqtree -s example.phy -nt AUTO -mem 8GLike above but write all output to myrun.* files   For version <= 1.5.X  iqtree-omp -s example.phy -nt AUTO -mem 8G -pre myrun   For version <= 1.6.0  iqtree -s example.phy -nt AUTO -mem 8G -pre myrun",73.0
Command reference,4.0,Specifying substitution models,29.0,"See Protein models for more details.CodonMG, MGK, MG1KTS, MG1KTV, MG2K, GY, GY1KTS, GY1KTV, GY2K, ECMK07/KOSI07, ECMrest, ECMS05/SCHN05 and combined empirical-mechanistic models.See Codon models for more details.BinaryJC2, GTR2.See Binary and morphological models for more details.MorphologyMK, ORDERED.",95.0
Command reference,4.0,Computing Robinson-Foulds distance,40.0,Computing Robinson-Foulds distance  provides a fast implementation of Robinson-Foulds (RF) distance computation between treesOptionUsage and meaning-tSpecify a file containing a set of trees.-rfSpecify a second set of trees.  computes all pairwise RF distances between two tree sets passed via -t and -rf-rf_allCompute all-to-all RF distances between all trees passed via -t-rf_adjCompute RF distances between adjacent trees passed via -tExample usagesCompute the pairwise RF distances between 2 sets of trees  iqtree -rf tree_set1 tree_set2Compute the all-to-all RF distances within a set of trees  iqtree -rf_all tree_set,128.0
Command reference,4.0,Likelihood mapping analysis,27.0,"If a cluster is named ignored or IGNORED the sequences included will be ignored in the likelihood mapping analysis.If you provide a cluster file it has to contain between 1 and 4 clusters (plus an optional IGNORED or ignored cluster), which will tell   to perform an unclustered (default without a cluster file) or a clustered analysis with 2, 3 or 4 groups, respectively.The names given to the clusters in the cluster file will be used to label the corners of the triangle diagrams.Example usagesPerform solely likelihood mapping analysis (ignoring tree search) with 2000 quartets for an alignment example.phy with model being automatically selected  iqtree -s example.phy -lmap 2000 -n 0 -m TESTYou can now view the likelihood mapping plot file example.phy.lmap.svg, which looks like thisIt shows phylogenetic information of the alignment example.phy.On the top distribution of quartets depicted by dots on the likelihood mapping plot.On the left the three areas show support for one of the different groupings like (a,b)-(c,d).",79.0
Command reference,4.0,Likelihood mapping analysis,27.0,"Likelihood mapping analysisStarting with version 1.4.0,   implements the likelihood mapping approach (Strimmer and von Haeseler, 1997) to assess the phylogenetic information of an input alignment.The detailed results will be printed to .iqtree report file.The likelihood mapping plots will be printed to .lmap.svg and .lmap.eps files.Compared with the original implementation in TREE-PUZZLE,   is much faster and supports many more substitution models (including partition and mixture models).OptionUsage and meaning-lmapSpecify the number of quartets to be randomly drawn.",77.0
Command reference,4.0,Automatic model selection,28.0,"Automatic model selectionThe default model (e.g., HKY F for DNA, LG for protein data) may not fit well to the data.Therefore,   allows to automatically determine the best-fit model via a series of -m TEST... optionOptionUsage and meaning-m TESTONLYPerform standard model selection like jModelTest (for DNA) and ProtTest (for protein).Moreover,   also works for codon, binary and morphogical data.",83.0
Command reference,4.0,General options,25.0,"DEFAULT first taxon in alignment-preSpecify a prefix for all output files.DEFAULT either alignment file name (-s) or partition file name (-q, -spp or -sp)-ntSpecify the number of CPU cores for the multicore version.A special option -nt AUTO will tell   to automatically determine the best number of cores given the current data and computer.-ntmaxSpecify the maximal number of CPU cores -nt AUTO is allowed to allocate DEFAULT CPU cores on the current machine-seedSpecify a random number seed to reproduce a previous run.",70.0
Beginner’s tutorial,3.0,First running example,15.0,First running exampleFrom the download there is an example alignment called example.phy in PHYLIP format.This example contains parts of the mitochondrial DNA sequences of several animals (Source Phylogenetic Handbook).You can now start to reconstruct a maximum-likelihood tree from this alignment by entering (assuming that you are now in the same folder with example.phy)iqtree -s example.phy-s is the option to specify the name of the alignment file that is always required by   to work.At the end of the run   will write several output files includingexample.phy.iqtree the main report file that is self-readable.,40.0
Command reference,4.0,Tree topology tests,38.0,"Tree topology tests  provides a number of tests for significant topological differences between trees.The AU test implementation in   is much more efficient than the original CONSEL by supporting SSE, AVX and multicore parallelization.Moreover, it is more appropriate than CONSEL for partition analysis by bootstrap resampling sites within partitions, whereas CONSEL is not partition-aware.NOTE There is a discrepancy between   and CONSEL for the AU test   implements the least-square estimate for p-values whereas CONSEL provides the maximum-likelihood estimate (MLE) for p-values.",121.0
Command reference,4.0,Generating random trees,41.0,"Generating random trees  provides several random tree generation modelsOptionUsage and meaning-rSpecify number of taxa.  will create a random tree under Yule-Harding model with specified number of taxa-ruLike -r, but a random tree is created under uniform model.-rcatLike -r, but a random caterpillar tree is created.-rbalLike -r, but a random balanced tree is created.-rcsgLike -r, bur a random circular split network is created.-rlenSpecify three numbers minimum, mean and maximum branch lengths of the random tree.DEFAULT -rlen 0.001 0.1 0.999Example usagesGenerate a 100-taxon random tree into the file 100.tree under the Yule Harding model  iqtree -r 100 100.tree Generate 100-taxon random tree with mean branch lengths of 0.2 and branch lengths are between 0.05 and 0.3  iqtree -r 100 -rlen 0.05 0.2 0.3 100.tree Generate a random tree under uniform model  iqtree -ru 100 100.tree Generate a random tree where taxon labels follow an alignment  iqtree -s example.phy -r 17 example.random.tree Note that, you still need to specify the -r option being equal to the number of taxa in the alignment.",129.0
Beginner’s tutorial,3.0,Assessing branch supports with ultrafast bootstrap approximation,19.0,"Minh, and L.S.Vinh (2018) UFBoot2 Improving the ultrafast bootstrap approximation.Mol.",54.0
Beginner’s tutorial,3.0,Assessing branch supports with ultrafast bootstrap approximation,19.0,"Biol.Evol., 35518–522.https//doi.org/10.1093/molbev/msx281To run UFBootiqtree -s example.phy -m TIM2 I G -B 1000 for version 1.x change -B to -bb-B specifies the number of bootstrap replicates where 1000 is the minimum number recommended.",55.0
Beginner’s tutorial,3.0,Assessing branch supports with standard nonparametric bootstrap,21.0,Assessing branch supports with standard nonparametric bootstrapThe standard nonparametric bootstrap is invoked by the -b optioniqtree -s example.phy -m TIM2 I G -b 100-b specifies the number of bootstrap replicates where 100 is the minimum recommended number.The output files are similar to those produced by the UFBoot procedure.,60.0
Command reference,4.0,Automatic model selection,28.0,"However, for versions 1.6.X onwards, the edge-linked partition finding is performed by -spp option.Several parameters can be set to e.g.reduce computationsOptionUsage and meaning-msetSpecify the name of a program (raxml, phyml or mrbayes) to restrict to only those models supported by the specified program.Alternatively, one can specify a comma-separated list of base models.",89.0
Command reference,4.0,Checkpointing to resume stopped run,26.0,A few options that control checkpointing behaviorOptionUsage and meaning-redoRedo the entire analysis no matter if it was stopped or successful.WARNING This option will overwrite all existing output files.-cptimeSpecify the minimum checkpoint time interval in seconds (default 20s)NOTE   writes a checkpoint file with name suffix .ckp.gz in gzip format.Do not modify this file.,75.0
Beginner’s tutorial,3.0,Choosing the right substitution model,16.0,"Choosing the right substitution modelNOTE If you use model selection please cite the following paperS. Kalyaanamoorthy, B.Q.Minh, T.K.F.Wong, A. von Haeseler, and L.S.",43.0
Command reference,4.0,Constructing consensus tree,39.0,Resulting tree with assigned support values is written to .suptree file.This option is useful to map and compare support values from different approaches onto a single tree.-suptagSpecify name of a node in -sup target tree.The corresponding node of .suptree will then be assigned with IDs of trees where this node appears.,126.0
Command reference,4.0,General options,25.0,"General optionsGeneral options are mainly intended for specifying input and output filesOptionUsage and meaning-h or -?Print help usage.-sSpecify input alignment file in PHYLIP, FASTA, NEXUS, CLUSTAL or MSF format.-stSpecify sequence type as either of DNA, AA, BIN, MORPH, CODON or NT2AA for DNA, amino-acid, binary, morphological, codon or DNA-to-AA-translated sequences.This is only necessary if   did not detect the sequence type correctly.Note that -st CODON is always necessary when using codon models (otherwise,   applies DNA models) and you also need to specify a genetic code like this if differed from the standard genetic code.",67.0
Beginner’s tutorial,3.0,Assessing branch supports with ultrafast bootstrap approximation,19.0,Refer to FAQ UFBoot support values interpretation for more information.,58.0
Command reference,4.0,Likelihood mapping analysis,27.0,"If you specify -lmap ALL, all unique quartets will be drawn, instead.-lmclustSpecify a NEXUS file containing taxon clusters (see below for example) for quartet mapping analysis.-n 0Skip subsequent tree search, useful when you only want to assess the phylogenetic information of the alignment.-wqlWrite quartet log-likelihoods into .lmap.quartetlh file (typically not needed).TIP The number of quartets specified via -lmap is recommended to be at least 25 times the number of sequences in the alignment, such that each sequence is covered ~100 times in the set of quartets drawn.An example NEXUS cluster file (where A, B, C, etc.are sequence names)NEXUSbegin sets;    taxset Cluster1 = A B C;    taxset Cluster2 = D E;    taxset Cluster3 = F G H I;    taxset Cluster4 = J;    taxset IGNORED = X;end;Here, Cluster1 to Cluster4 are four user-defined clusters of sequences.Note that users can give any names to the clusters instead of Cluster1, etc.",78.0
Command reference,4.0,Miscellaneous options,42.0,"With -fast option, the epsilon is raised to 0.05.-wplWrite partition log-likelihoods to .partlh file.Only effective with partition model.-wsprWrite site posterior probabilities per rate category to .siteprob file.-wspmWrite site posterior probabilities per mixture class to .siteprob file.-wspmrWrite site posterior probabilities per mixture class and rate category to .siteprob file.-wslWrite site log-likelihoods to .sitelh file in TREE-PUZZLE format.Such file can then be passed on to CONSEL for further tree tests.-wslrWrite site log-likelihoods per rate category to .sitelh file.-wslmWrite site log-likelihoods per mixture class to .sitelh file.-wslmrWrite site log-likelihoods per mixture class and rate category to .sitelh file.-wtTurn on writing all locally optimal trees into .treels file.-fconstSpecify a list of comma-separated integer numbers.",132.0
Command reference,4.0,Automatic model selection,28.0,"This option is similar to --rcluster-max option of PartitionFinder2.WARNING For versions <= 1.5.X, all commands with -m ...MERGE...will always perform an edge-unlinked partition scheme finding even if -spp option is used.Only in the next phase of tree reconstruction, then an edge-linked partition model is used.",88.0
Command reference,4.0,Automatic model selection,28.0,"Note that LG4X is a FreeRate model, but by default is not included because it is also a protein mixture model.To include it, use -madd option (see table below).-m TESTNEW or -m MFPLike -m MF but immediately followed by tree reconstruction using the best-fit model found.TIP During model section,   will write a model checkpoint file (suffix .model in version <= 1.5.X or .model.gz in version >= 1.6.X) that stores information of all models tested so far.Thus, if   is interrupted for whatever reason, restarting the run will load this file to reuse the computation.  version 1.6 or later allows to additionally test Lie Markov DNA models by adding the following keyword to -m optionOptionUsage and meaning LMAdditionally consider all Lie Markov models LMRYAdditionally consider all Lie Markov models with RY symmetry LMWSAdditionally consider all Lie Markov models with WS symmetry LMMKAdditionally consider all Lie Markov models with MK symmetry LMSSAdditionally consider all strand-symmetric Lie Markov modelsWhen a partition file is specified then you can append MERGE keyword into -m option to find the best-fit partitioning scheme like PartitionFinder (Lanfear et al., 2012).",85.0
Command reference,4.0,Automatic model selection,28.0,"DEFAULT fixed starting tree-mredoIgnore model checkpoint file computed earlier.DEFAULT model checkpoint file (if exists) is loaded to reuse previous computations-maddSpecify a comma-separated list of mixture models to additionally consider for model selection.For example, -madd LG4M,LG4X to additionally include these two protein mixture models.-mdefSpecify a NEXUS model file to define new models.NOTE Some of the above options require a comma-separated list, which should not contain any empty spaceExample usagesSelect best-fit model for alignment data.phy based on Bayesian information criterion (BIC)  iqtree -s data.phy -m TESTONLYSelect best-fit model for a protein alignment prot.phy using the new testing procedure and only consider WAG, LG and JTT matrix to save time  iqtree -s prot.phy -m MF -mset WAG,LG,JTTFind the best partitioning scheme for alignment data.phy and partition file partition.nex with a relaxed clustering at 10% to save time  iqtree -s data.phy -spp partition.nex -m TESTMERGEONLY -rcluster 10",93.0
